prn,epoch,x_km,y_km,z_km,vx,vy,vz
R01,2020-01-02 00:15,-19189.7388,-12992.7920,10667.5493,-1.088299,-0.982284,-3.151231
R01,2020-01-02 00:45,-20726.3862,-14131.2290,4656.3511,-0.580468,-0.298556,-3.484518
R01,2020-01-02 01:15,-21160.6367,-14153.4062,-1714.7056,0.124156,0.243095,-3.548491
R01,2020-01-02 01:45,-20214.8218,-13385.8804,-7953.2876,0.935753,0.569764,-3.338293
R01,2020-01-02 02:15,-17793.8687,-12252.2231,-13577.4438,1.744020,0.648003,-2.870235
R01,2020-01-02 02:45,-14006.4741,-11196.3296,-18152.7881,2.435944,0.488910,-2.180509
R01,2020-01-02 03:15,-9153.3921,-10603.2622,-21325.9634,2.914064,0.145741,-1.322367
R01,2020-01-02 03:45,-3684.6772,-10730.8667,-22851.8213,3.112221,-0.295496,-0.362012
R01,2020-01-02 04:15,1867.1660,-11663.5601,-22612.2808,3.006207,-0.730921,0.626478
R01,2020-01-02 04:45,6967.2446,-13295.9912,-20625.4634,2.617592,-1.056637,1.566816
R01,2020-01-02 05:15,11158.5225,-15349.3477,-17044.4175,2.010100,-1.186630,2.386338
R01,2020-01-02 05:45,14129.1812,-17417.6680,-12145.4863,1.279115,-1.067748,3.021603
R01,2020-01-02 06:15,15756.1113,-19036.5571,-6307.1396,0.536014,-0.689255,3.423324
R01,2020-01-02 06:45,16117.4409,-19762.9106,19.1846,-0.110087,-0.085329,3.560249
R01,2020-01-02 07:15,15472.1089,-19252.3540,6344.0142,-0.570178,0.669950,3.421659
R01,2020-01-02 07:45,14209.9692,-17321.3911,12177.8379,-0.789788,1.474335,3.018235
R01,2020-01-02 08:15,12780.8643,-13983.7642,17069.1553,-0.757591,2.213929,2.381248
R01,2020-01-02 08:45,11614.6172,-9454.8296,20639.5400,-0.506741,2.781711,1.560088
R01,2020-01-02 09:15,11045.4189,-4123.0918,22612.9634,-0.108733,3.094969,0.618390
R01,2020-01-02 09:45,11253.2856,1506.4697,22837.0942,0.339150,3.108778,-0.370938
R01,2020-01-02 10:15,12232.3672,6887.9912,21294.9697,0.730699,2.823255,-1.331372
R01,2020-01-02 10:45,13791.3740,11516.8564,18106.1899,0.969092,2.283460,-2.188683
R01,2020-01-02 11:15,15586.0166,15004.9268,13517.5854,0.983658,1.571950,-2.876647
R01,2020-01-02 11:45,17178.0532,17136.6187,7884.0815,0.742254,0.795235,-3.342157
R01,2020-01-02 12:15,18111.0835,17896.7158,1641.2354,0.257235,0.066357,-3.549314
R01,2020-01-02 12:45,17990.4536,17465.4868,-4728.4507,-0.416021,-0.513508,-3.482190
R01,2020-01-02 13:15,16553.9067,16182.0835,-10732.8237,-1.187767,-0.871400,-3.146055
R01,2020-01-02 13:45,13721.1646,14482.4409,-15908.0796,-1.948320,-0.974157,-2.566933
R01,2020-01-02 14:15,9614.0962,12822.1294,-19854.5264,-2.585849,-0.833328,-1.789565
R01,2020-01-02 14:45,4544.0391,11597.0542,-22267.3452,-3.004572,-0.502617,-0.873942
R01,2020-01-02 15:15,-1031.7637,11075.2173,-22960.0376,-3.140396,-0.068324,0.109307
R01,2020-01-02 15:45,-6577.5547,11350.8711,-21878.7896,-2.971392,0.365619,1.084327
R01,2020-01-02 16:15,-11559.3477,12328.6655,-19106.6987,-2.521439,0.695548,1.975829
R01,2020-01-02 16:45,-15525.0420,13740.4453,-14857.5195,-1.856399,0.835937,2.714867
R01,2020-01-02 17:15,-18171.3203,15191.9365,-9459.3447,-1.073449,0.734268,3.244172
R01,2020-01-02 17:45,-19386.3843,16231.6050,-3329.4033,-0.285279,0.380445,3.522629
R01,2020-01-02 18:15,-19261.5381,16430.2158,3058.1582,0.398240,-0.190905,3.528534
R01,2020-01-02 18:45,-18069.7544,15457.7646,9209.0312,0.887892,-0.905622,3.261343
R01,2020-01-02 19:15,-16214.8721,13144.8198,14647.1499,1.129446,-1.661895,2.741740
R01,2020-01-02 19:45,-14159.9927,9517.8896,18951.6885,1.112109,-2.346843,2.010014
R01,2020-01-02 20:15,-12347.1230,4802.7588,21789.7168,0.869667,-2.855011,1.122890
R01,2020-01-02 20:45,-11121.5469,-604.8882,22941.9507,0.474169,-3.105706,0.149088
R01,2020-01-02 21:15,-10673.5562,-6196.8008,22319.6250,0.023232,-3.056298,-0.836035
R01,2020-01-02 21:45,-11007.2134,-11428.0771,19971.2388,-0.376871,-2.709273,-1.756309
R01,2020-01-02 22:15,-11941.2954,-15799.2334,16078.7002,-0.629544,-2.111927,-2.540629
R01,2020-01-02 22:45,-13142.1743,-18931.0215,10943.1914,-0.664536,-1.348724,-3.128432
R01,2020-01-02 23:15,-14183.1167,-20619.7720,4961.8496,-0.450195,-0.527609,-3.474358
R01,2020-01-02 23:45,-14620.0532,-20864.2686,-1402.9570,0.000730,0.237503,-3.551753
R02,2020-01-02 00:15,-10563.3110,4392.4658,22825.3682,-2.095614,-2.308099,-0.531646
R02,2020-01-02 00:45,-14487.5537,655.2290,21000.6074,-2.221038,-1.817963,-1.482936
R02,2020-01-02 01:15,-18390.9614,-2088.1675,17554.9189,-2.067822,-1.221571,-2.320972
R02,2020-01-02 01:45,-21760.7183,-3744.7573,12752.3682,-1.631172,-0.628901,-2.980690
R02,2020-01-02 02:15,-24116.8911,-4418.0088,6962.7666,-0.952061,-0.145129,-3.410448
R02,2020-01-02 02:45,-25090.6035,-4382.9214,633.5562,-0.111320,0.147052,-3.576231
R02,2020-01-02 03:15,-24485.2944,-4032.2300,-5744.7407,0.782994,0.201395,-3.464541
R02,2020-01-02 03:45,-22310.6489,-3802.6934,-11676.8472,1.612911,0.015932,-3.083658
R02,2020-01-02 04:15,-18783.2656,-4093.9590,-16701.7261,2.269656,-0.366738,-2.463104
R02,2020-01-02 04:45,-14293.7710,-5193.8672,-20428.9800,2.671288,-0.866802,-1.651319
R02,2020-01-02 05:15,-9345.8291,-7223.0249,-22569.6055,2.775834,-1.380970,-0.711754
R02,2020-01-02 05:45,-4477.2783,-10108.1602,-22958.5518,2.587730,-1.800252,0.282248
R02,2020-01-02 06:15,-176.6318,-13588.8306,-21567.3076,2.156473,-2.028707,1.253331
R02,2020-01-02 06:45,3191.1538,-17256.3521,-18505.6221,1.567829,-1.999976,2.126244
R02,2020-01-02 07:15,5437.4458,-20618.3701,-14012.3779,0.929125,-1.688848,2.833686
R02,2020-01-02 07:45,6572.7461,-23178.2573,-8436.5020,0.351151,-1.115936,3.321460
R02,2020-01-02 08:15,6796.1357,-24516.1162,-2209.5522,-0.070291,-0.344771,3.552520
R02,2020-01-02 08:45,6453.4912,-24358.0034,4187.7910,-0.270150,0.528180,3.509656
R02,2020-01-02 09:15,5971.7290,-22622.0464,10262.6997,-0.224645,1.388854,3.196637
R02,2020-01-02 09:45,5780.1841,-19433.9731,15547.8091,0.045155,2.123754,2.637787
R02,2020-01-02 10:15,6232.2271,-15109.6279,19636.6855,0.477157,2.637970,1.876044
R02,2020-01-02 10:45,7540.0747,-10107.3765,22214.5918,0.978868,2.870160,0.969712
R02,2020-01-02 11:15,9733.5459,-4958.1392,23082.3677,1.443017,2.802094,-0.011890
R02,2020-01-02 11:45,12649.6123,-184.3354,22171.7461,1.765677,2.461263,-0.993550
R02,2020-01-02 12:15,15954.6421,3779.2158,19550.9678,1.863974,1.916121,-1.899757
R02,2020-01-02 12:45,19195.9404,6649.6484,15420.1709,1.690477,1.264679,-2.660409
R02,2020-01-02 13:15,21874.3857,8335.1709,10096.7085,1.241909,0.618246,-3.216230
R02,2020-01-02 13:45,23526.3604,8942.4727,3991.2559,0.560598,0.082933,-3.523510
R02,2020-01-02 14:15,23801.4287,8751.0889,-2423.6553,-0.271656,-0.258036,-3.557722
R02,2020-01-02 14:45,22522.7026,8158.9229,-8650.3481,-1.146425,-0.358222,-3.315674
R02,2020-01-02 15:15,19719.5522,7608.0537,-14205.0464,-1.946108,-0.215652,-2.815921
R02,2020-01-02 15:45,15626.9263,7503.4331,-18656.0381,-2.563039,0.127087,-2.097374
R02,2020-01-02 16:15,10651.2070,8138.3667,-21657.7471,-2.917020,0.590372,-1.216181
R02,2020-01-02 16:45,5308.2598,9639.5361,-22977.8667,-2.968244,1.071416,-0.241194
R02,2020-01-02 17:15,144.0522,11940.9619,-22515.3525,-2.723461,1.462077,0.751576
R02,2020-01-02 17:45,-4348.8887,14791.2949,-20307.8936,-2.234384,1.667551,1.685013
R02,2020-01-02 18:15,-7805.3218,17793.1572,-16528.4214,-1.588678,1.622776,2.486947
R02,2020-01-02 18:45,-10039.3623,20467.8467,-11471.0840,-0.895125,1.303815,3.095727
R02,2020-01-02 19:15,-11066.4346,22334.5205,-5527.9551,-0.265480,0.732348,3.464883
R02,2020-01-02 19:45,-11091.8579,22990.6621,841.5898,0.203946,-0.027412,3.566558
R02,2020-01-02 20:15,-10468.3335,22180.5044,7146.3730,0.447942,-0.878814,3.393473
R02,2020-01-02 20:45,-9629.6841,19840.1875,12901.0513,0.442769,-1.708161,2.959321
R02,2020-01-02 21:15,-9011.9971,16112.2979,17663.0430,0.209600,-2.402866,2.297606
R02,2020-01-02 21:45,-8975.2769,11327.4678,21066.0605,-0.189465,-2.869394,1.459054
R02,2020-01-02 22:15,-9738.5181,5956.0303,22847.8428,-0.662117,-3.048142,0.507802
R02,2020-01-02 22:45,-11338.8896,537.5156,22870.1392,-1.101544,-2.922849,-0.483353
R02,2020-01-02 23:15,-13621.8062,-4400.6914,21129.5200,-1.404576,-2.523060,-1.438344
R02,2020-01-02 23:45,-16263.6899,-8422.4673,17758.1475,-1.489363,-1.919217,-2.283530
R03,2020-01-02 00:15,3460.3491,17115.5298,18649.0615,-1.631486,-1.954000,2.095062
R03,2020-01-02 00:45,-15.7661,13552.1191,21654.1060,-2.211708,-1.959995,1.222261
R03,2020-01-02 01:15,-4402.5449,10209.9668,22992.3735,-2.627276,-1.716636,0.254990
R03,2020-01-02 01:45,-9325.1943,7481.0137,22559.7935,-2.796143,-1.292912,-0.732680
R03,2020-01-02 02:15,-14292.4077,5605.9570,20388.0752,-2.672771,-0.785448,-1.664897
R03,2020-01-02 02:45,-18770.2891,4638.7979,16642.7861,-2.256137,-0.302081,-2.469727
R03,2020-01-02 03:15,-22264.3335,4443.0586,11611.2900,-1.590543,0.056435,-3.084656
R03,2020-01-02 03:45,-24396.1665,4720.3960,5681.2329,-0.759032,0.213616,-3.461522
R03,2020-01-02 04:15,-24962.3740,5066.9702,-688.9971,0.129654,0.130466,-3.570437
R03,2020-01-02 04:45,-23965.5400,5048.2407,-7005.7002,0.958489,-0.187580,-3.402349
R03,2020-01-02 05:15,-21612.1382,4279.5933,-12778.4429,1.621062,-0.691224,-2.969942
R03,2020-01-02 05:45,-18277.4604,2499.0825,-17558.6470,2.038767,-1.295388,-2.306739
R03,2020-01-02 06:15,-14443.3979,-380.2246,-20974.9785,2.173337,-1.893466,-1.464468
R03,2020-01-02 06:45,-10619.5454,-4247.3579,-22762.5757,2.032576,-2.375329,-0.508901
R03,2020-01-02 07:15,-7260.9253,-8804.0532,-22783.7075,1.668329,-2.645996,0.485429
R03,2020-01-02 07:45,-4696.1475,-13607.1646,-21038.2451,1.167103,-2.641801,1.441181
R03,2020-01-02 08:15,-3077.9336,-18135.8311,-17663.2139,0.634959,-2.341333,2.284308
R03,2020-01-02 08:45,-2364.0532,-21872.1909,-12921.5933,0.179311,-1.769353,2.949814
R03,2020-01-02 09:15,-2331.5537,-24382.2681,-7181.4053,-0.109330,-0.993065,3.386721
R03,2020-01-02 09:45,-2621.5649,-25383.6948,-886.8530,-0.172603,-0.111438,3.561886
R03,2020-01-02 10:15,-2806.9185,-24789.2305,5476.1602,0.005950,0.760626,3.462387
R03,2020-01-02 10:45,-2471.1226,-22719.0957,11417.4062,0.398185,1.510623,3.096347
R03,2020-01-02 11:15,-1285.4722,-19480.2974,16479.7612,0.936086,2.046285,2.492168
R03,2020-01-02 11:45,928.5049,-15516.5215,20273.9019,1.523095,2.310006,1.696294
R03,2020-01-02 12:15,4161.5864,-11336.8770,22507.7715,2.050159,2.287592,0.769675
R03,2020-01-02 12:45,8210.6050,-7435.1377,23008.7397,2.413884,2.009940,-0.216772
R03,2020-01-02 13:15,12704.5806,-4212.5728,21736.8892,2.533875,1.547421,-1.187423
R03,2020-01-02 13:45,17159.2075,-1916.8677,18788.4463,2.366467,0.997863,-2.067581
R03,2020-01-02 14:15,21051.0459,-607.0742,14388.9990,1.912574,0.470038,-2.789134
R03,2020-01-02 14:45,23899.4805,-150.3604,8876.8096,1.218335,0.065326,-3.295828
R03,2020-01-02 15:15,25343.0552,-251.1812,2677.2617,0.368292,-0.139469,-3.547777
R03,2020-01-02 15:45,25197.5098,-508.1211,-3729.7852,-0.527861,-0.105233,-3.524777
R03,2020-01-02 16:15,23485.6982,-488.9351,-9847.2983,-1.352831,0.162654,-3.228107
R03,2020-01-02 16:45,20434.1729,188.8818,-15200.0562,-2.000681,0.615079,-2.680580
R03,2020-01-02 17:15,16436.8354,1785.7466,-19372.1064,-2.393940,1.167447,-1.924805
R03,2020-01-02 17:45,11991.6826,4388.2969,-22039.5718,-2.495953,1.714051,-1.019785
R03,2020-01-02 18:15,7621.2637,7887.2769,-22996.0571,-2.316367,2.146092,-0.036173
R03,2020-01-02 18:45,3790.2207,11988.8721,-22168.6182,-1.908854,2.370279,0.949401
R03,2020-01-02 19:15,833.6816,16257.6406,-19623.0762,-1.361508,2.324838,1.860408
R03,2020-01-02 19:45,-1091.6689,20183.8584,-15558.3770,-0.781626,1.990247,2.626424
R03,2020-01-02 20:15,-2025.9419,23264.0366,-10290.6001,-0.277439,1.392934,3.188562
R03,2020-01-02 20:45,-2191.1064,25081.2290,-4228.0005,0.060087,0.601364,3.503934
R03,2020-01-02 21:15,-1945.6133,25371.8887,2160.8433,0.172399,-0.284782,3.548809
R03,2020-01-02 21:45,-1716.4326,24068.3315,8383.2407,0.042957,-1.150499,3.320269
R03,2020-01-02 22:15,-1920.0137,21309.9814,13960.1450,-0.300211,-1.883772,2.836271
R03,2020-01-02 22:45,-2885.3682,17421.7026,18462.6177,-0.789379,-2.393322,2.134163
R03,2020-01-02 23:15,-4792.0308,12862.8882,21544.3228,-1.328552,-2.622915,1.267794
R03,2020-01-02 23:45,-7633.1348,8155.6631,22967.7500,-1.809558,-2.559955,0.303472
R04,2020-01-03 01:15,-23073.1216,653.3022,10891.1016,1.476111,-0.236126,3.144394
R05,2020-01-02 00:15,18640.5815,11533.7773,-13062.4658,1.307983,1.229299,2.948997
R05,2020-01-02 00:45,20642.4517,13098.7676,-7318.3325,0.873968,0.519861,3.391961
R05,2020-01-02 01:15,21650.9688,13473.5122,-1009.0132,0.214785,-0.076637,3.572926
R05,2020-01-02 01:45,21328.5630,12942.2974,5378.2310,-0.588694,-0.475348,3.477992
R05,2020-01-02 02:15,19509.1855,11910.6611,11350.2153,-1.429339,-0.628229,3.114518
R05,2020-01-02 02:45,16230.5596,10831.2925,16445.8169,-2.190951,-0.531592,2.510537
R05,2020-01-02 03:15,11733.6548,10122.9087,20271.4702,-2.766989,-0.226256,1.712595
R05,2020-01-02 03:45,6429.3633,10095.6543,22531.4658,-3.077772,0.209746,0.782176
R05,2020-01-02 04:15,837.7544,10895.4702,23050.7563,-3.083326,0.674660,-0.208994
R05,2020-01-02 04:45,-4490.2280,12476.7212,21788.5522,-2.789773,1.060477,-1.184424
R05,2020-01-02 05:15,-9055.8809,14607.7222,18841.6562,-2.248216,1.271502,-2.068709
R05,2020-01-02 05:45,-12487.1260,16908.3442,14437.2388,-1.546280,1.240939,-2.793343
R05,2020-01-02 06:15,-14592.0059,18913.5806,8915.5161,-0.793679,0.942732,-3.302052
R05,2020-01-02 06:45,-15382.5171,20152.5684,2703.5698,-0.104157,0.396646,-3.555236
R05,2020-01-02 07:15,-15064.9023,20229.8940,-3717.7275,0.423199,-0.334321,-3.533134
R05,2020-01-02 07:45,-13998.0952,18895.5425,-9851.1099,0.720156,-1.153797,-3.237416
R05,2020-01-02 08:15,-12627.3677,16091.6675,-15221.6572,0.760293,-1.947560,-2.691076
R05,2020-01-02 08:45,-11404.4126,11968.2495,-19413.7690,0.562902,-2.602102,-1.936589
R05,2020-01-02 09:15,-10707.3608,6864.9194,-22103.4102,0.189166,-3.023117,-1.032542
R05,2020-01-02 09:45,-10774.1890,1261.9077,-23083.1079,-0.268682,-3.150834,-0.049010
R05,2020-01-02 10:15,-11660.6509,-4291.7983,-22277.8125,-0.703374,-2.969661,0.937907
R05,2020-01-02 10:45,-13229.7212,-9261.2822,-19750.4668,-1.011104,-2.510581,1.851974
R05,2020-01-02 11:15,-15174.2476,-13205.9546,-15696.9507,-1.109418,-1.845945,2.622672
R05,2020-01-02 11:45,-17069.0068,-15844.1611,-10430.8247,-0.951532,-1.077538,3.190601
R05,2020-01-02 12:15,-18443.4868,-17091.6743,-4359.0747,-0.534719,-0.319899,3.512025
R05,2020-01-02 12:45,-18863.2822,-17067.8999,2049.3022,0.098638,0.318370,3.562219
R05,2020-01-02 13:15,-18006.5591,-16068.9590,8299.4531,0.867507,0.752209,3.337362
R05,2020-01-02 13:45,-15722.8369,-14512.2490,13908.7930,1.665121,0.933731,2.854819
R05,2020-01-02 14:15,-12064.2510,-12861.8120,18444.1636,2.376204,0.859630,2.151786
R05,2020-01-02 14:45,-7284.0176,-11546.9702,21555.1714,2.895689,0.571145,1.282434
R05,2020-01-02 15:15,-1802.2051,-10887.7910,23001.1758,3.145811,0.146625,0.313759
R05,2020-01-02 15:45,3855.6875,-11039.7632,22669.8926,3.088814,-0.312093,-0.679533
R05,2020-01-02 16:15,9137.4072,-11966.9028,20586.1919,2.733149,-0.697201,-1.620730
R05,2020-01-02 16:45,13547.0928,-13447.7988,16910.4106,2.132166,-0.913487,-2.437002
R05,2020-01-02 17:15,16719.3271,-15113.6675,11926.2168,1.375459,-0.894845,-3.065041
R05,2020-01-02 17:45,18471.9790,-16512.1665,6018.8740,0.574264,-0.615966,-3.456016
R05,2020-01-02 18:15,18829.1289,-17186.3574,-354.4995,-0.156696,-0.097234,-3.579457
R05,2020-01-02 18:45,18010.3486,-16755.6021,-6700.4155,-0.717930,0.598058,-3.425699
R05,2020-01-02 19:15,16388.1675,-14984.7603,-12527.4375,-1.041290,1.373744,-3.006674
R05,2020-01-02 19:45,14420.9497,-11829.9702,-17384.4658,-1.100801,2.116397,-2.354967
R05,2020-01-02 20:15,12572.5210,-7453.2246,-20895.8105,-0.916344,2.713897,-1.521222
R05,2020-01-02 20:45,11232.0767,-2203.1958,-22790.2744,-0.549664,3.073827,-0.570128
R05,2020-01-02 21:15,10647.7998,3434.5830,-22921.9946,-0.093369,3.138649,0.424654
R05,2020-01-02 21:45,10885.2217,8909.9946,-21281.5059,0.345179,2.895142,1.386218
R05,2020-01-02 22:15,11817.1904,13691.2261,-17996.2500,0.662373,2.376587,2.240333
R05,2020-01-02 22:45,13147.0068,17344.7139,-13320.5669,0.776190,1.657365,2.921137
R05,2020-01-02 23:15,14460.8110,19599.1226,-7615.9658,0.640399,0.840865,3.376182
R05,2020-01-02 23:45,15300.4341,20382.9634,-1323.1919,0.252785,0.042703,3.570440
R06,2020-01-02 00:15,10012.7012,-5466.1987,-22833.6265,2.146172,2.265093,0.396604
R06,2020-01-02 00:45,14035.1382,-1785.7686,-21248.2104,2.280174,1.797759,1.353510
R06,2020-01-02 01:15,18055.2666,940.8354,-18023.8936,2.138881,1.222725,2.205848
R06,2020-01-02 01:45,21565.5806,2616.4443,-13409.4907,1.716566,0.648209,2.888071
R06,2020-01-02 02:15,24088.9844,3337.3706,-7760.7749,1.052384,0.177926,3.347640
R06,2020-01-02 02:45,25255.4585,3369.3931,-1513.2930,0.224610,-0.106204,3.549032
R06,2020-01-02 03:15,24862.3301,3095.4932,4850.9629,-0.661569,-0.157709,3.476505
R06,2020-01-02 03:45,22908.1880,2944.0879,10840.5479,-1.490733,0.026711,3.135382
R06,2020-01-02 04:15,19594.7520,3309.7383,15992.4292,-2.155659,0.406684,2.551714
R06,2020-01-02 04:45,15296.2744,4479.6338,19907.7939,-2.574460,0.904987,1.770357
R06,2020-01-02 05:15,10501.4087,6578.2236,22283.0327,-2.703608,1.420616,0.851559
R06,2020-01-02 05:45,5737.0557,9539.4160,22933.4463,-2.544652,1.845917,-0.133658
R06,2020-01-02 06:15,1486.7012,13111.1924,21807.8159,-2.143536,2.084958,-1.108973
R06,2020-01-02 06:45,-1883.3096,16892.0908,18992.6299,-1.582577,2.070075,-1.998697
R06,2020-01-02 07:15,-4177.3906,20393.6943,14705.5820,-0.966469,1.773794,-2.733698
R06,2020-01-02 07:45,-5395.4189,23118.8345,9278.7651,-0.404595,1.214125,-3.256842
R06,2020-01-02 08:15,-5724.4907,24642.5381,3132.8315,0.007363,0.452259,-3.527517
R06,2020-01-02 08:45,-5499.2671,24682.1826,-3255.8599,0.203444,-0.416950,-3.524849
R06,2020-01-02 09:15,-5137.7236,23145.1157,-9392.4702,0.158321,-1.280153,-3.249305
R06,2020-01-02 09:45,-5063.2832,20145.7622,-14802.2598,-0.108694,-2.023751,-2.722586
R06,2020-01-02 10:15,-5626.5493,15989.4053,-19067.4194,-0.537214,-2.552155,-1.985809
R06,2020-01-02 10:45,-7039.8691,11125.4165,-21859.2358,-1.036249,-2.802996,-1.096192
R06,2020-01-02 11:15,-9335.6851,6077.7671,-22963.1631,-1.499787,-2.756809,-0.122538
R06,2020-01-02 11:45,-12355.6040,1364.3115,-22294.9775,-1.824861,-2.439664,0.860088
R06,2020-01-02 12:15,-15771.9761,-2581.9272,-19906.9287,-1.929104,-1.918360,1.776082
R06,2020-01-02 12:45,-19138.4453,-5476.7080,-15983.5327,-1.764933,-1.289050,2.555015
R06,2020-01-02 13:15,-21961.1919,-7223.4614,-10827.3760,-1.328045,-0.661165,3.136957
R06,2020-01-02 13:45,-23779.2168,-7920.9360,-4835.9834,-0.658824,-0.139251,3.477031
R06,2020-01-02 14:15,-24240.4985,-7838.5059,1528.5728,0.163598,0.194306,3.548862
R06,2020-01-02 14:45,-23161.4634,-7363.3301,7775.0747,1.033692,0.292839,3.346663
R06,2020-01-02 15:15,-20559.8774,-6928.2017,13420.9258,1.836301,0.152995,2.885752
R06,2020-01-02 15:45,-16655.6021,-6932.1328,18029.4014,2.465087,-0.184910,2.201460
R06,2020-01-02 16:15,-11838.9155,-7666.9961,21243.4888,2.839608,-0.643879,1.346463
R06,2020-01-02 16:45,-6611.4971,-9262.5620,22813.6846,2.918198,-1.123406,0.386771
R06,2020-01-02 17:15,-1509.6821,-11659.2598,22617.5532,2.704501,-1.516676,-0.603354
R06,2020-01-02 17:45,2977.4258,-14613.3955,20669.4805,2.246569,-1.728914,-1.547144
R06,2020-01-02 18:15,6481.5244,-17734.1436,17119.7988,1.628651,-1.693843,-2.371305
R06,2020-01-02 18:45,8808.2544,-20546.3076,12243.2832,0.957020,-1.385444,-3.011778
R06,2020-01-02 19:15,9961.1660,-22568.4600,6417.8423,0.342191,-0.823032,-3.418792
R06,2020-01-02 19:45,10132.6475,-23393.4243,95.0488,-0.119487,-0.068746,-3.560811
R06,2020-01-02 20:15,9663.4819,-22757.6050,-6235.1504,-0.361776,0.782168,-3.427011
R06,2020-01-02 20:45,8978.0078,-20587.5020,-12082.6963,-0.359330,1.616624,-3.028079
R06,2020-01-02 21:15,8505.9497,-17015.6143,-16995.5444,-0.131518,2.321952,-2.395270
R06,2020-01-02 21:45,8604.1729,-12363.0957,-20594.6206,0.261310,2.804058,-1.577855
R06,2020-01-02 22:15,9491.5371,-7092.0986,-22602.8823,0.728423,3.002478,-0.639180
R06,2020-01-02 22:45,11207.7202,-1735.7310,-22866.3320,1.164357,2.899858,0.348272
R06,2020-01-02 23:15,13602.8086,3182.8467,-21365.5078,1.466976,2.524383,1.308456
R06,2020-01-02 23:45,16359.3506,7228.9907,-18216.7100,1.554975,1.944804,2.167533
R07,2020-01-02 00:15,-3880.0698,-17326.2939,-18267.1514,1.608834,1.927748,-2.170654
R07,2020-01-02 00:45,-435.5068,-13793.4600,-21414.7905,2.200048,1.951684,-1.303973
R07,2020-01-02 01:15,3942.9414,-10453.4248,-22900.8408,2.630091,1.721686,-0.336530
R07,2020-01-02 01:45,8884.9297,-7707.7163,-22610.9971,2.814901,1.305453,0.656354
R07,2020-01-02 02:15,13900.1406,-5807.9263,-20569.0508,2.707164,0.799407,1.597573
R07,2020-01-02 02:45,18452.8071,-4818.5513,-16934.6362,2.304459,0.311970,2.414287
R07,2020-01-02 03:15,22044.3403,-4612.0859,-11990.3843,1.649991,-0.055032,3.043554
R07,2020-01-02 03:45,24290.4209,-4896.9053,-6119.6113,0.825809,-0.223694,3.437155
R07,2020-01-02 04:15,24979.9106,-5273.0103,223.6196,-0.060325,-0.153232,3.565191
R07,2020-01-02 04:45,24106.0103,-5306.1211,6549.6753,-0.892207,0.153111,3.418267
R07,2020-01-02 05:15,21864.7231,-4607.6265,12371.0103,-1.563741,0.648541,3.008065
R07,2020-01-02 05:45,18621.0825,-2907.0371,17239.4404,-1.995711,1.250444,2.366340
R07,2020-01-02 06:15,14848.8345,-104.9038,20780.2422,-2.148096,1.854056,1.542431
R07,2020-01-02 06:45,11053.5625,3702.5776,22720.6035,-2.025921,2.349813,0.599517
R07,2020-01-02 07:15,7691.8154,8231.4233,22910.3960,-1.677777,2.641576,-0.390119
R07,2020-01-02 07:45,5099.4180,13049.0659,21333.7808,-1.187252,2.662760,-1.350482
R07,2020-01-02 08:15,3440.6099,17638.7246,18110.7812,-0.658664,2.387780,-2.207567
R07,2020-01-02 08:45,2686.3301,21478.6494,13488.5918,-0.199391,1.836893,-2.894992
R07,2020-01-02 09:15,2625.2437,24123.3965,7823.1108,0.098335,1.073570,-3.359159
R07,2020-01-02 09:45,2905.7549,25273.8281,1551.8896,0.173169,0.194738,-3.563558
R07,2020-01-02 10:15,3102.0791,24824.1597,-4839.5591,0.005248,-0.684600,-3.491791
R07,2020-01-02 10:45,2793.2983,22878.1025,-10855.5337,-0.380194,-1.449858,-3.149038
R07,2020-01-02 11:15,1642.0239,19731.2246,-16028.9937,-0.916881,-2.005361,-2.561765
R07,2020-01-02 11:45,-540.7656,15822.3921,-19958.2783,-1.508590,-2.289712,-1.775670
R07,2020-01-02 12:15,-3755.8569,11662.3994,-22338.6685,-2.045397,-2.285405,-0.852041
R07,2020-01-02 12:45,-7807.7983,7751.7817,-22986.1938,-2.422322,-2.021068,0.137144
R07,2020-01-02 13:15,-12330.2349,4501.5859,-21851.7974,-2.557200,-1.565983,1.114956
R07,2020-01-02 13:45,-16840.4072,2170.2822,-19024.8096,-2.404752,-1.017897,2.005576
R07,2020-01-02 14:15,-20813.7510,827.1885,-14725.5659,-1.964530,-0.486189,2.740209
R07,2020-01-02 14:45,-23766.2061,348.2329,-9287.8716,-1.281432,-0.073273,3.262380
R07,2020-01-02 15:15,-25330.6348,444.4604,-3132.7983,-0.438737,0.142667,3.532212
R07,2020-01-02 15:45,-25314.7866,718.2183,3264.0718,0.455145,0.120744,3.529385
R07,2020-01-02 16:15,-23731.3623,737.4375,9409.3584,1.283978,-0.135872,3.254547
R07,2020-01-02 16:45,-20795.3848,115.4946,14829.7178,1.942214,-0.580585,2.729148
R07,2020-01-02 17:15,-16889.4629,-1416.6709,19107.9360,2.351675,-1.131225,1.993696
R07,2020-01-02 17:45,-12502.7388,-3958.1606,21914.6294,2.473701,-1.683790,1.104648
R07,2020-01-02 18:15,-8153.5513,-7414.1250,23033.2642,2.314857,-2.129838,0.130148
R07,2020-01-02 18:45,-4308.3979,-11504.2446,22376.7178,1.925292,-2.374677,-0.855058
R07,2020-01-02 19:15,-1310.3394,-15802.4741,19994.1875,1.390027,-2.353435,-1.775204
R07,2020-01-02 19:45,671.5312,-19801.7861,16067.8662,0.814578,-2.042378,-2.559224
R07,2020-01-02 20:15,1663.3027,-22993.5137,10899.5015,0.307207,-1.463581,-3.146215
R07,2020-01-02 20:45,1874.6274,-24948.3906,4887.6494,-0.039306,-0.682095,-3.490239
R07,2020-01-02 21:15,1656.1353,-25385.9102,-1502.8130,-0.163349,0.204037,-3.564060
R07,2020-01-02 21:45,1432.9492,-24220.3867,-7776.6772,-0.044964,1.079326,-3.361463
R07,2020-01-02 22:15,1625.4756,-21575.8511,-13447.0791,0.290715,1.829428,-2.897893
R07,2020-01-02 22:45,2570.9116,-17767.1089,-18073.7339,0.777699,2.359614,-2.209323
R07,2020-01-02 23:15,4458.8828,-13250.0234,-21297.5620,1.320380,2.610002,-1.349405
R07,2020-01-02 23:45,7292.2466,-8549.3154,-22868.8462,1.809853,2.564943,-0.385183
R08,2020-01-02 00:15,-15440.7041,-19912.8813,-3871.6104,0.243249,0.503331,-3.518996
R08,2020-01-02 00:45,-14378.7817,-18525.1372,-9973.7559,0.952592,0.999806,-3.216972
R08,2020-01-02 01:15,-11986.9092,-16466.0723,-15302.3809,1.702326,1.243622,-2.665062
R08,2020-01-02 01:45,-8294.8013,-14207.1016,-19443.2598,2.378330,1.223970,-1.905841
R08,2020-01-02 02:15,-3533.5938,-12198.0059,-22074.1733,2.874073,0.975262,-0.998291
R08,2020-01-02 02:45,1894.1802,-10790.1729,-22990.4199,3.108338,0.570746,-0.013136
R08,2020-01-02 03:15,7473.2188,-10177.4961,-22121.0005,3.038828,0.109562,0.972788
R08,2020-01-02 03:45,12653.0127,-10364.9180,-19534.1377,2.669291,-0.300583,1.882661
R08,2020-01-02 04:15,16931.4570,-11169.8813,-15431.7085,2.049019,-0.562128,2.645783
R08,2020-01-02 04:45,19930.6289,-12256.3203,-10133.1035,1.264787,-0.604581,3.203144
R08,2020-01-02 05:15,21452.2271,-13195.3081,-4049.8906,0.426632,-0.396786,3.511993
R08,2020-01-02 05:45,21503.6333,-13541.9717,2346.5791,-0.350094,0.047513,3.549065
R08,2020-01-02 06:15,20290.5605,-12915.6489,8561.9561,-0.963375,0.671684,3.312202
R08,2020-01-02 06:45,18177.8379,-11069.7974,14117.0991,-1.340787,1.385396,2.820314
R08,2020-01-02 07:15,15625.1494,-7940.0361,18584.7349,-1.450698,2.079382,2.111722
R08,2020-01-02 07:45,13108.5547,-3662.4160,21621.8286,-1.306659,2.643290,1.241088
R08,2020-01-02 08:15,11040.7910,1441.0513,22995.3628,-0.964361,2.983704,0.275213
R08,2020-01-02 08:45,9703.3965,6907.2422,22599.7764,-0.511743,3.039433,-0.711971
R08,2020-01-02 09:15,9201.6553,12199.9551,20464.9102,-0.053870,2.791626,-1.644882
R08,2020-01-02 09:45,9449.6465,16790.2354,16753.9302,0.304935,2.267137,-2.451890
R08,2020-01-02 10:15,10187.8301,20236.1411,11751.3125,0.478884,1.534525,-3.070695
R08,2020-01-02 10:45,11030.3569,22249.0571,5841.6211,0.415498,0.693313,-3.453118
R08,2020-01-02 11:15,11534.4111,22735.7476,-519.5410,0.104957,-0.141878,-3.568948
R08,2020-01-02 11:45,11280.1597,21809.1235,-6840.3794,-0.417638,-0.859747,-3.408484
R08,2020-01-02 12:15,9947.9546,19765.7842,-12630.9683,-1.077561,-1.370289,-2.983527
R08,2020-01-02 12:45,7379.6943,17033.9170,-17441.5474,-1.772529,-1.619282,-2.326637
R08,2020-01-02 13:15,3613.7744,14100.1768,-20897.9395,-2.389568,-1.596808,-1.488692
R08,2020-01-02 13:45,-1112.5776,11427.8013,-22731.1489,-2.823863,-1.338331,-0.534906
R08,2020-01-02 14:15,-6394.2603,9379.7646,-22798.6592,-2.996371,-0.918095,0.460342
R08,2020-01-02 14:45,-11717.5776,8159.9404,-21095.6597,-2.867219,-0.436006,1.419451
R08,2020-01-02 15:15,-16538.0371,7782.1475,-17755.2900,-2.442589,-0.000222,2.267769
R08,2020-01-02 15:45,-20363.7349,8072.1851,-13037.9229,-1.773948,0.291563,2.939509
R08,2020-01-02 16:15,-22830.4668,8702.3306,-7310.4307,-0.949772,0.368950,3.382899
R08,2020-01-02 16:45,-23756.1709,9252.2612,-1017.1875,-0.081181,0.200954,3.564144
R08,2020-01-02 17:15,-23165.8159,9285.9561,5354.7715,0.716057,-0.198607,3.469914
R08,2020-01-02 17:45,-21282.8857,8431.5215,11313.5879,1.340120,-0.773290,3.108180
R08,2020-01-02 18:15,-18489.1787,6450.5278,16400.4146,1.719256,-1.433317,2.507380
R08,2020-01-02 18:45,-15259.8398,3285.3374,20224.3535,1.822805,-2.070391,1.714065
R08,2020-01-02 19:15,-12084.5078,-923.3618,22491.9482,1.665406,-2.575523,0.789250
R08,2020-01-02 19:45,-9387.5552,-5851.6890,23029.1763,1.303802,-2.856997,-0.196208
R08,2020-01-02 20:15,-7460.3975,-11037.9316,21794.4824,0.826814,-2.855550,-1.166896
R08,2020-01-02 20:45,-6416.8037,-15950.9058,18881.9829,0.340162,-2.554386,-2.048418
R08,2020-01-02 21:15,-6178.4111,-20070.3701,14514.6162,-0.051457,-1.982383,-2.772937
R08,2020-01-02 21:45,-6492.8013,-22966.5967,9027.6167,-0.262136,-1.209942,-3.284321
R08,2020-01-02 22:15,-6981.2275,-24366.1948,2843.3599,-0.239478,-0.338056,-3.542527
R08,2020-01-02 22:45,-7208.1973,-24193.3574,-3560.7344,0.026196,0.517698,-3.526871
R08,2020-01-02 23:15,-6761.3921,-22579.5835,-9688.9277,0.499747,1.245695,-3.237856
R08,2020-01-02 23:45,-5328.5127,-19840.0649,-15065.7231,1.106700,1.756245,-2.697353
R09,2020-01-02 00:15,20592.5557,-10024.7285,11176.7427,1.472814,-0.425968,-3.105138
R09,2020-01-02 00:45,22494.6104,-10761.6396,5226.5073,0.632970,-0.351736,-3.463213
R09,2020-01-02 01:15,22878.7358,-11144.9546,-1129.2485,-0.194546,-0.035641,-3.552707
R09,2020-01-02 01:45,21867.9102,-10766.3247,-7397.2979,-0.900043,0.485179,-3.366369
R09,2020-01-02 02:15,19764.9883,-9320.3530,-13090.9360,-1.396092,1.135040,-2.918657
R09,2020-01-02 02:45,16999.2339,-6663.6372,-17768.2910,-1.631548,1.812160,-2.244589
R09,2020-01-02 03:15,14052.8813,-2846.9873,-21067.0112,-1.599407,2.405581,-1.396897
R09,2020-01-02 03:45,11380.1787,1884.7373,-22732.4810,-1.337189,2.813704,-0.441744
R09,2020-01-02 04:15,9332.5708,7125.2163,-22637.3403,-0.919844,2.961268,0.546584
R09,2020-01-02 04:45,8102.4995,12366.2480,-20790.8760,-0.446471,2.811942,1.491541
R09,2020-01-02 05:15,7695.0278,17074.4292,-17337.7212,-0.023129,2.374475,2.320262
R09,2020-01-02 05:45,7931.7583,20772.2983,-12546.1328,0.255348,1.701446,2.969124
R09,2020-01-02 06:15,8486.0981,23110.6685,-6786.9009,0.321510,0.880868,3.388538
R09,2020-01-02 06:45,8943.7788,23920.4258,-504.5977,0.146805,0.022094,3.546621
R09,2020-01-02 07:15,8878.4263,23235.4917,5816.6021,-0.253436,-0.761685,3.431517
R09,2020-01-02 07:45,7929.5737,21283.3755,11689.9331,-0.822304,-1.371449,3.052210
R09,2020-01-02 08:15,5870.1655,18445.0464,16663.1323,-1.470513,-1.737969,2.437801
R09,2020-01-02 08:45,2652.3623,15190.7817,20352.8740,-2.090988,-1.832511,1.635307
R09,2020-01-02 09:15,-1576.0244,12002.5459,22474.0420,-2.576450,-1.670895,0.706152
R09,2020-01-02 09:45,-6487.3579,9295.5938,22861.6929,-2.837189,-1.310289,-0.278399
R09,2020-01-02 10:15,-11619.9414,7352.1196,21484.0620,-2.816103,-0.839211,-1.242566
R09,2020-01-02 10:45,-16446.5317,6277.8594,18445.5547,-2.498569,-0.362367,-2.111801
R09,2020-01-02 11:15,-20454.5918,5988.8589,13979.3335,-1.915432,0.017237,-2.818525
R09,2020-01-02 11:45,-23225.2314,6230.6924,8429.8647,-1.138548,0.215961,-3.307479
R09,2020-01-02 12:15,-24497.7935,6627.0439,2226.5625,-0.269506,0.184014,-3.540185
R09,2020-01-02 12:45,-24209.2734,6749.5586,-4149.5249,0.576674,-0.085737,-3.498158
R09,2020-01-02 13:15,-22501.8638,6197.1714,-10203.3877,1.290141,-0.556218,-3.184490
R09,2020-01-02 13:45,-19697.2891,4671.3857,-15465.0010,1.783988,-1.152138,-2.623664
R09,2020-01-02 14:15,-16242.2471,2034.5996,-19526.2969,2.008115,-1.772554,-1.859570
R09,2020-01-02 14:45,-12634.2100,-1658.5347,-22073.0996,1.956870,-2.307845,-0.951927
R09,2020-01-02 15:15,-9340.1348,-6162.1172,-22909.4360,1.669193,-2.658168,0.028532
R09,2020-01-02 15:45,-6721.7197,-11072.2295,-21972.3711,1.221317,-2.750303,1.005701
R09,2020-01-02 16:15,-4979.5879,-15886.8584,-19336.3315,0.713342,-2.550053,1.904056
R09,2020-01-02 16:45,-4125.4746,-20082.5581,-15206.7700,0.251999,-2.068184,2.654470
R09,2020-01-02 17:15,-3986.7290,-23195.2153,-9903.8179,-0.067513,-1.358996,3.199456
R09,2020-01-02 17:45,-4242.0757,-24891.7021,-3837.3032,-0.177611,-0.511777,3.497458
R09,2020-01-02 18:15,-4482.4360,-25020.7764,2524.8828,-0.049713,0.363393,3.525910
R09,2020-01-02 18:45,-4286.5552,-23635.0317,8692.6514,0.300922,1.153158,3.282856
R09,2020-01-02 19:15,-3298.8179,-20980.4517,14191.1099,0.817631,1.758876,2.787024
R09,2020-01-02 19:45,-1296.3335,-17455.3843,18596.7266,1.411664,2.112138,2.076389
R09,2020-01-02 20:15,1765.8545,-13545.7026,21569.6021,1.976839,2.185345,1.205321
R09,2020-01-02 20:45,5739.0103,-9746.7407,22879.5093,2.407163,1.995631,0.240545
R09,2020-01-02 21:15,10297.2163,-6484.7236,22423.7700,2.614568,1.601492,-0.743830
R09,2020-01-02 21:45,14983.7319,-4050.5146,20235.5972,2.543885,1.092653,-1.671882
R09,2020-01-02 22:15,19279.8857,-2556.5449,16482.1455,2.182553,0.574792,-2.471673
R09,2020-01-02 22:45,22685.4160,-1924.0703,11452.2344,1.563428,0.151584,-3.080855
R09,2020-01-02 23:15,24797.0977,-1902.9531,5534.4712,0.760084,-0.092967,-3.451654
R09,2020-01-02 23:45,25372.6055,-2120.7271,-812.6978,-0.124681,-0.108932,-3.554789
R10,2020-01-02 00:15,-913.4282,-10959.9707,23007.6372,3.072552,-0.702508,-0.206284
R10,2020-01-02 00:45,4391.5630,-12585.8311,21751.4849,2.775423,-1.081918,-1.180195
R10,2020-01-02 01:15,8930.4121,-14748.8169,18814.3774,2.233370,-1.285557,-2.061951
R10,2020-01-02 01:45,12337.1934,-17068.3496,14424.6206,1.534534,-1.248098,-2.783861
R10,2020-01-02 02:15,14426.1616,-19081.5352,8921.8872,0.788184,-0.944786,-3.290644
R10,2020-01-02 02:45,15213.9614,-20321.4897,2731.0332,0.106829,-0.396103,-3.543529
R10,2020-01-02 03:15,14908.8491,-20397.3838,-3670.4253,-0.412066,0.335006,-3.523135
R10,2020-01-02 03:45,13868.8789,-19063.0376,-9788.7427,-0.701778,1.152905,-3.230927
R10,2020-01-02 04:15,12536.0977,-16262.7422,-15151.6216,-0.736940,1.944463,-2.689131
R10,2020-01-02 04:45,11357.6313,-12146.6567,-19344.3599,-0.537282,2.597187,-1.939121
R10,2020-01-02 05:15,10706.7314,-7053.0688,-22041.7769,-0.163924,3.017405,-1.038374
R10,2020-01-02 05:45,10816.8853,-1460.1802,-23033.5088,0.291224,3.145480,-0.056187
R10,2020-01-02 06:15,11740.0054,4084.9351,-22240.7080,0.721263,2.965595,0.931542
R10,2020-01-02 06:45,13335.8315,9048.7407,-19722.7490,1.022695,2.508420,1.848125
R10,2020-01-02 07:15,15294.5391,12991.5957,-15673.2646,1.113403,1.846171,2.622063
R10,2020-01-02 07:45,17189.0063,15632.8115,-10405.6021,0.947164,1.080788,3.192735
R10,2020-01-02 08:15,18548.1528,16889.5938,-4328.6719,0.522182,0.327136,3.515310
R10,2020-01-02 08:45,18939.0352,16883.3237,2085.0083,-0.117857,-0.305961,3.564437
R10,2020-01-02 09:15,18043.7866,15912.1548,8336.5190,-0.890498,-0.733643,3.336332
R10,2020-01-02 09:45,15718.2583,14394.6431,13939.8999,-1.687847,-0.908805,2.849073
R10,2020-01-02 10:15,12022.3315,12794.1030,18460.3804,-2.394254,-0.829414,2.141056
R10,2020-01-02 10:45,7216.7402,11536.6367,21548.3057,-2.905300,-0.538134,1.267802
R10,2020-01-02 11:15,1726.9590,10936.7549,22966.0547,-3.144885,-0.114403,0.297432
R10,2020-01-02 11:45,-3919.7539,11143.0532,22605.9434,-3.077557,0.339602,-0.694757
R10,2020-01-02 12:15,-9173.6748,12112.9004,20497.8950,-2.714118,0.716692,-1.632154
R10,2020-01-02 12:45,-13545.2598,13620.1313,16806.5166,-2.109678,0.923098,-2.442673
R10,2020-01-02 13:15,-16677.6792,15294.2671,11817.9746,-1.354538,0.894581,-3.064178
R10,2020-01-02 13:45,-18397.5796,16684.6211,5917.7847,-0.559453,0.607598,-3.449109
R10,2020-01-02 14:15,-18736.0210,17338.6299,-438.7876,0.162316,0.083728,-3.568007
R10,2020-01-02 14:45,-17916.3843,16881.4590,-6761.4995,0.713247,-0.613357,-3.411712
R10,2020-01-02 15:15,-16311.4009,15083.7485,-12562.5283,1.027148,-1.387868,-2.992061
R10,2020-01-02 15:45,-14376.4678,11906.2505,-17393.7402,1.079559,-2.127235,-2.341046
R10,2020-01-02 16:15,-12570.2524,7513.8774,-20881.0718,0.891267,-2.720307,-1.508469
R10,2020-01-02 16:45,-11275.7070,2256.5986,-22753.4541,0.524344,-3.075468,-0.558250
R10,2020-01-02 17:15,-10734.5698,-3379.9595,-22864.0679,0.071322,-3.135719,0.436349
R10,2020-01-02 17:45,-11006.2998,-8846.3896,-21202.2344,-0.360754,-2.888219,1.398293
R10,2020-01-02 18:15,-11958.4150,-13612.2661,-17894.8828,-0.668790,-2.366653,2.252723
R10,2020-01-02 18:45,-13290.0410,-17246.2734,-13197.2876,-0.771552,-1.645966,2.932844
R10,2020-01-02 19:15,-14584.9038,-19480.4629,-7473.6025,-0.623998,-0.830226,3.385299
R10,2020-01-02 19:45,-15384.9683,-20247.9053,-1168.5728,-0.225542,-0.035615,3.574518
R10,2020-01-02 20:15,-15272.2856,-19687.4009,5227.3735,0.379228,0.628633,3.485663
R10,2020-01-02 20:45,-13945.1123,-18114.4922,11216.8018,1.107551,1.078078,3.125839
R10,2020-01-02 21:15,-11275.2676,-15963.7690,16334.4863,1.852031,1.266653,2.523472
R10,2020-01-02 21:45,-7336.9297,-13712.3887,20183.8828,2.498373,1.193669,1.725914
R10,2020-01-02 22:15,-2401.9707,-11797.8472,22467.8887,2.944287,0.903114,0.795547
R10,2020-01-02 22:45,3097.3574,-10543.8950,23011.5088,3.116347,0.475454,-0.195246
R10,2020-01-02 23:15,8632.1167,-10106.9277,21774.7969,2.982040,0.013420,-1.169772
R10,2020-01-02 23:45,13656.2046,-10451.5996,18855.2881,2.555068,-0.375782,-2.052946
R11,2020-01-02 00:15,-11799.8125,-7943.8530,21197.6436,2.843480,-0.554861,1.372028
R11,2020-01-02 00:45,-6546.7109,-9376.0762,22817.8813,2.942915,-1.032802,0.416489
R11,2020-01-02 01:15,-1382.6528,-11616.5664,22677.3013,2.748308,-1.435469,-0.571794
R11,2020-01-02 01:45,3196.4702,-14440.2212,20785.5293,2.303749,-1.666479,-1.516671
R11,2020-01-02 02:15,6809.0537,-17470.3794,17287.3291,1.690336,-1.656301,-2.345100
R11,2020-01-02 02:45,9243.0073,-20239.0410,12451.8994,1.012675,-1.374546,-2.992773
R11,2020-01-02 03:15,10482.8374,-22263.6826,6652.4746,0.381521,-0.835833,-3.409168
R11,2020-01-02 03:45,10704.0811,-23127.9805,337.6777,-0.104608,-0.098197,-3.561617
R11,2020-01-02 04:15,10236.0527,-22552.9658,-6003.2583,-0.375760,0.745811,-3.437983
R11,2020-01-02 04:45,9499.1719,-20446.5977,-11878.6611,-0.402057,1.583874,-3.047723
R11,2020-01-02 05:15,8927.4800,-16923.2856,-16832.9141,-0.198394,2.302072,-2.421177
R11,2020-01-02 05:45,8889.5200,-12289.9526,-20482.1157,0.178460,2.803360,-1.607153
R11,2020-01-02 06:15,9621.0088,-7000.8906,-22544.0098,0.639874,3.023273,-0.669025
R11,2020-01-02 06:45,11180.7070,-1588.9014,-22859.8086,1.080747,2.940199,0.320306
R11,2020-01-02 07:15,13436.9180,3415.8369,-21406.2466,1.397654,2.578560,1.284150
R11,2020-01-02 07:45,16086.8389,7565.7886,-18297.0244,1.506687,2.004416,2.148003
R11,2020-01-02 08:15,18705.4976,10561.8506,-13773.6421,1.358025,1.314288,2.845284
R11,2020-01-02 08:45,20816.0781,12294.2554,-8186.4302,0.944798,0.619075,3.322425
R11,2020-01-02 09:15,21969.9268,12852.0942,-1967.3013,0.304827,0.025755,3.542918
R11,2020-01-02 09:45,21822.9614,12500.1665,4403.6304,-0.485050,-0.380110,3.490046
R11,2020-01-02 10:15,20195.8271,11627.2456,10434.9927,-1.321107,-0.548198,3.168084
R11,2020-01-02 10:45,17107.8564,10674.5244,15661.8286,-2.089301,-0.471327,2.601912
R11,2020-01-02 11:15,12779.2100,10056.2051,19681.1636,-2.683566,-0.186162,1.835073
R11,2020-01-02 11:45,7600.7891,10085.4526,22182.8105,-3.022837,0.233356,0.926467
R11,2020-01-02 12:15,2076.7495,10917.9819,22973.1499,-3.064046,0.688769,-0.054105
R11,2020-01-02 12:45,-3251.1055,12522.6680,21990.1255,-2.808983,1.073948,-1.031189
R11,2020-01-02 13:15,-7884.8247,14684.1372,19308.3169,-2.303898,1.293285,-1.929390
R11,2020-01-02 13:45,-11444.5010,17037.0747,15133.6182,-1.631873,1.278256,-2.679141
R11,2020-01-02 14:15,-13723.0410,19126.7471,9787.7993,-0.899165,0.999568,-3.222110
R11,2020-01-02 14:45,-14712.5176,20485.8218,3683.9600,-0.217728,0.472851,-3.515836
R11,2020-01-02 15:15,-14597.7412,20714.7402,-2705.3438,0.313228,-0.243157,-3.537172
R11,2020-01-02 15:45,-13718.1216,19552.1406,-8884.8604,0.623517,-1.055706,-3.284233
R11,2020-01-02 16:15,-12504.2583,16923.3823,-14375.3643,0.683371,-1.852920,-2.776602
R11,2020-01-02 16:45,-11400.0044,12958.8711,-18751.1890,0.507955,-2.521994,-2.053805
R11,2020-01-02 17:15,-10783.2251,7978.9561,-21673.4956,0.154278,-2.967606,-1.172144
R11,2020-01-02 17:45,-10898.6807,2447.8364,-22916.6021,-0.288978,-3.127442,-0.200206
R11,2020-01-02 18:15,-11814.3306,-3095.8853,-22385.3169,-0.716944,-2.982262,0.786567
R11,2020-01-02 18:45,-13408.3594,-8120.5117,-20121.9976,-1.026718,-2.558835,1.711782
R11,2020-01-02 19:15,-15389.0122,-12181.0356,-16302.8970,-1.135149,-1.925340,2.504023
R11,2020-01-02 19:45,-17343.8335,-14984.3569,-11224.1880,-0.993267,-1.180019,3.102318
R11,2020-01-02 20:15,-18810.0342,-16429.3770,-5278.8252,-0.594997,-0.435001,3.460784
R11,2020-01-02 20:45,-19354.2290,-16615.6064,1073.9165,0.021282,0.202019,3.552078
R11,2020-01-02 21:15,-18648.2798,-15819.1240,7343.8550,0.778562,0.645225,3.369411
R11,2020-01-02 21:45,-16528.6514,-14440.1016,13047.5522,1.573436,0.844397,2.927005
R11,2020-01-02 22:15,-13029.4360,-12930.7358,17745.3296,2.292722,0.792661,2.258942
R11,2020-01-02 22:45,-8383.5420,-11715.6138,21074.8804,2.831723,0.527038,1.416558
R11,2020-01-02 23:15,-2991.7432,-11117.7085,22778.9902,3.111177,0.121727,0.464547
R11,2020-01-02 23:45,2635.4746,-11302.2520,22725.3218,3.090127,-0.324759,-0.523910
R12,2020-01-02 00:15,-23599.4531,406.7163,9664.1353,1.322991,-0.126524,3.247360
R12,2020-01-02 00:45,-20592.2690,-197.9707,15060.1914,1.981755,-0.570865,2.709416
R12,2020-01-02 01:15,-16617.3140,-1712.4766,19292.4658,2.388256,-1.121266,1.962728
R12,2020-01-02 01:45,-12169.8677,-4235.3218,22035.3115,2.504114,-1.672853,1.065255
R12,2020-01-02 02:15,-7773.2930,-7669.7939,23078.3750,2.336814,-2.116673,0.086303
R12,2020-01-02 02:45,-3897.1045,-11733.2622,22342.3022,1.937753,-2.358055,-0.898806
R12,2020-01-02 03:15,-885.1108,-15997.8618,19884.4722,1.393165,-2.332628,-1.814431
R12,2020-01-02 03:45,1094.7695,-19955.9170,15894.4297,0.809456,-2.017413,-2.590283
R12,2020-01-02 04:15,2071.0068,-23099.4727,10679.4146,0.295336,-1.435192,-3.166709
R12,2020-01-02 04:45,2256.0811,-25001.0254,4641.0137,-0.056344,-0.651443,-3.499203
R12,2020-01-02 05:15,2003.3730,-25382.2632,-1755.3926,-0.184097,0.235731,-3.561856
R12,2020-01-02 05:45,1740.4995,-24159.5259,-8016.1943,-0.068100,1.111061,-3.349434
R12,2020-01-02 06:15,1890.1802,-21458.3906,-13657.4814,0.266453,1.860476,-2.877900
R12,2020-01-02 06:45,2791.8564,-17594.8325,-18242.4512,0.753537,2.389366,-2.183313
R12,2020-01-02 07:15,4637.2534,-13025.9077,-21415.3857,1.297392,2.637698,-1.319138
R12,2020-01-02 07:45,7430.8374,-8277.9902,-22929.5044,1.788701,2.589488,-0.352168
R12,2020-01-02 08:15,10982.0156,-3864.3545,-22666.4502,2.123187,2.274996,0.642626
R12,2020-01-02 08:45,14930.6523,-205.7227,-20645.8101,2.219506,1.765280,1.587950
R12,2020-01-02 09:15,18801.8784,2433.0630,-17023.8345,2.033431,1.159977,2.410257
R12,2020-01-02 09:45,22081.1978,3979.7578,-12081.3823,1.565899,0.570370,3.045563
R12,2020-01-02 10:15,24297.4268,4558.7773,-6201.9912,0.863531,0.100562,3.444524
R12,2020-01-02 10:45,25099.6001,4462.0811,158.1938,0.011497,-0.170036,3.576341
R12,2020-01-02 11:15,24314.9546,4091.9609,6506.1865,-0.880063,-0.199964,3.431139
R12,2020-01-02 11:45,21978.3125,3885.5669,12350.7026,-1.693789,0.007542,3.020646
R12,2020-01-02 12:15,18328.0210,4234.0400,17240.3315,-2.323976,0.405382,2.377122
R12,2020-01-02 12:45,13769.2593,5409.9448,20798.3159,-2.693445,0.910830,1.550689
R12,2020-01-02 13:15,8810.9321,7515.1543,22751.2739,-2.765622,1.419697,0.605326
R12,2020-01-02 13:45,3986.6528,10457.8438,22949.7817,-2.549902,1.824045,-0.386104
R12,2020-01-02 14:15,-227.2095,13962.3521,21379.4258,-2.099519,2.030492,-1.347406
R12,2020-01-02 14:45,-3483.1240,17610.2852,18161.6279,-1.502327,1.976134,-2.204794
R12,2020-01-02 15:15,-5612.0859,20906.1416,13544.2876,-0.866034,1.639507,-2.892414
R12,2020-01-02 15:45,-6643.5044,23356.7954,7882.9155,-0.300288,1.044799,-3.357309
R12,2020-01-02 16:15,-6792.1572,24551.8691,1613.6162,0.101480,0.258606,-3.563468
R12,2020-01-02 16:45,-6414.4771,24231.8105,-4780.1543,0.277509,-0.620298,-3.494647
R12,2020-01-02 17:15,-5941.4331,22332.4229,-10804.6309,0.207894,-1.476551,-3.155727
R12,2020-01-02 17:45,-5799.1816,18998.3428,-15993.7856,-0.082208,-2.196628,-2.572470
R12,2020-01-02 18:15,-6330.7534,14563.0522,-19945.4614,-0.526929,-2.687082,-1.789638
R12,2020-01-02 18:45,-7731.9629,9498.5376,-22352.7461,-1.030929,-2.889561,-0.867619
R12,2020-01-02 19:15,-10012.4233,4342.7510,-23028.0913,-1.485657,-2.790089,0.122211
R12,2020-01-02 19:45,-12988.4023,-383.2153,-21918.2114,-1.787967,-2.421058,1.103021
R12,2020-01-02 20:15,-16308.9429,-4254.5908,-19108.5181,-1.857942,-1.855547,1.998549
R12,2020-01-02 20:45,-19511.0737,-7005.8828,-14816.6597,-1.652920,-1.194918,2.739108
R12,2020-01-02 21:15,-22094.9912,-8566.9219,-9375.6040,-1.175337,-0.551743,3.267105
R12,2020-01-02 21:45,-23606.6621,-9066.0908,-3207.5732,-0.473008,-0.030938,3.541618
R12,2020-01-02 22:15,-23713.9907,-8800.3794,3209.0703,0.368210,0.287703,3.541602
R12,2020-01-02 22:45,-22263.7427,-8177.5005,9377.2983,1.238146,0.362638,3.267479
R12,2020-01-02 23:15,-19309.7100,-7640.0283,14820.1724,2.020092,0.197153,2.740975
R12,2020-01-02 23:45,-15107.4614,-7584.4707,19117.7622,2.609610,-0.161663,2.003267
R13,2020-01-02 00:15,-22333.5469,9083.7227,-8340.3374,-1.077285,0.403502,3.330914
R13,2020-01-02 00:45,-23492.0938,9714.2461,-2099.7700,-0.209888,0.255428,3.558047
R13,2020-01-02 01:15,-23123.6787,9860.0679,4303.1357,0.600337,-0.129820,3.510071
R13,2020-01-02 03:15,-16600.8096,16161.4341,10651.7944,0.924273,-1.141933,3.168313
R13,2020-01-02 03:45,-9779.1343,-4853.2515,23036.8149,1.315463,-2.872232,-0.046346
R13,2020-01-02 04:15,-7823.5806,-10098.4019,22062.5146,0.844893,-2.905522,-1.029153
R13,2020-01-02 04:45,-6749.6011,-15130.2036,19379.8862,0.354212,-2.635514,-1.932135
R13,2020-01-02 05:15,-6496.2075,-19418.5698,15196.9258,-0.050049,-2.087486,-2.685350
R13,2020-01-02 05:45,-6823.8804,-22518.4893,9837.7729,-0.278934,-1.329432,-3.230531
R13,2020-01-02 06:15,-7360.6001,-24138.1177,3717.4688,-0.276318,-0.461235,-3.525609
R13,2020-01-02 06:45,-7670.6411,-24182.3281,-2690.3589,-0.028593,0.401402,-3.547967
R13,2020-01-02 07:15,-7334.5020,-22764.5757,-8890.2686,0.432828,1.145576,-3.296135
R13,2020-01-02 07:45,-6026.4834,-20185.2637,-14403.3657,1.036585,1.679274,-2.789833
R13,2020-01-02 08:15,-3576.8760,-16880.3359,-18804.2290,1.683146,1.945896,-2.068356
R13,2020-01-02 08:45,-8.3291,-13348.7451,-21753.5522,2.261318,1.932884,-1.187466
R13,2020-01-02 09:15,4459.7056,-10070.8550,-23024.0679,2.666709,1.673038,-0.215081
R13,2020-01-02 09:45,9439.2812,-7431.2383,-22517.8486,2.819148,1.238385,0.773921
R13,2020-01-02 10:15,14430.4814,-5658.5205,-20273.7666,2.676194,0.727647,1.703385
R13,2020-01-02 10:45,18897.0317,-4792.0635,-16464.5791,2.240532,0.249359,2.501657
R13,2020-01-02 11:15,22348.7275,-4680.8926,-11383.8291,1.560044,-0.096575,3.107048
R13,2020-01-02 11:45,24417.2573,-5014.9722,-5423.4785,0.720492,-0.235880,3.472608
R13,2020-01-02 12:15,24912.9731,-5383.6172,956.1289,-0.168045,-0.132635,3.569816
R13,2020-01-02 12:45,23853.2280,-5351.2837,7261.7344,-0.988771,0.204419,3.390875
R13,2020-01-02 13:15,21457.5278,-4538.0317,13005.3545,-1.636924,0.723077,2.949416
R13,2020-01-02 13:45,18110.2568,-2691.1011,17742.1890,-2.036540,1.336215,2.279486
R13,2020-01-02 14:15,14297.1475,264.5513,21105.2466,-2.152450,1.936285,1.432926
R13,2020-01-02 14:45,10526.0620,4205.3765,22833.9302,-1.995469,2.413322,0.475337
R13,2020-01-02 15:15,7245.2744,8821.7236,22794.3242,-1.619949,2.673471,-0.519047
R13,2020-01-02 15:45,4772.8174,13661.7808,20989.6011,-1.114111,2.654924,-1.473138
R13,2020-01-02 16:15,3248.5767,18199.8364,17559.7412,-0.584785,2.338602,-2.313006
R13,2020-01-02 16:45,2617.0098,21917.5981,12770.6084,-0.139149,1.751806,-2.973629
R13,2020-01-02 17:15,2643.1880,24385.2153,6993.2197,0.133527,0.964208,-3.403952
R13,2020-01-02 17:45,2959.3330,25328.5737,674.8550,0.177028,0.076838,-3.570844
R13,2020-01-02 18:15,3133.8945,24671.7690,-5695.7241,-0.022267,-0.794092,-3.461636
R13,2020-01-02 18:45,2751.4692,22547.7891,-11626.1836,-0.433048,-1.535843,-3.085040
R13,2020-01-02 19:15,1490.0698,19275.7334,-16658.6626,-0.984302,-2.057150,-2.470385
R13,2020-01-02 19:45,-817.2310,15308.4609,-20404.9985,-1.577197,-2.302613,-1.665269
R13,2020-01-02 20:15,-4146.6172,11159.4194,-22576.4429,-2.101634,-2.261132,-0.731836
R13,2020-01-02 20:45,-8279.7837,7320.7529,-23005.6816,-2.454690,-1.967034,0.257998
R13,2020-01-02 21:15,-12832.8560,4186.1343,-21659.5630,-2.557960,-1.493773,1.228027
R13,2020-01-02 21:45,-17313.3340,1990.9136,-18641.6455,-2.370925,-0.941264,2.103527
R13,2020-01-02 22:15,-21195.8540,779.2979,-14184.3682,-1.898201,-0.418928,2.816937
R13,2020-01-02 22:45,-24004.4497,403.8638,-8631.3892,-1.189405,-0.027225,3.313045
R13,2020-01-02 23:15,-25387.8511,557.3999,-2411.3296,-0.331649,0.159307,3.553281
R13,2020-01-02 23:45,-25175.4160,831.7505,3995.1558,0.564183,0.104662,3.518791
R14,2020-01-02 00:15,-8013.4106,11993.4028,-21028.2871,-2.805452,0.661066,1.444593
R14,2020-01-02 00:45,-12592.5273,13429.4595,-17648.1030,-2.246135,0.901942,2.286734
R14,2020-01-02 01:15,-15996.9648,15104.7656,-12902.5713,-1.516741,0.918097,2.951797
R14,2020-01-02 01:45,-18015.3311,16579.9087,-7159.0649,-0.725116,0.677943,3.388408
R14,2020-01-02 02:15,-18638.6987,17398.6426,-861.9727,0.014735,0.194726,3.562922
R14,2020-01-02 02:45,-18054.9043,17168.2354,5501.7734,0.601197,-0.475137,3.462018
R14,2020-01-02 03:15,-16610.9390,15630.1787,11440.4111,0.961445,-1.240950,3.093675
R14,2020-01-02 03:45,-14749.8652,12709.4121,16495.3364,1.062955,-1.992377,2.486506
R14,2020-01-02 04:15,-12932.8853,8533.8120,20276.4194,0.918264,-2.617382,1.687479
R14,2020-01-02 04:45,-11559.5947,3420.6343,22491.9478,0.582211,-3.020486,0.758266
R14,2020-01-02 05:15,-10899.6836,-2167.9341,22970.9556,0.142155,-3.138365,-0.229501
R14,2020-01-02 05:45,-11047.3770,-7692.9219,21676.3120,-0.297153,-2.950216,-1.199700
R14,2020-01-02 06:15,-11906.1313,-12619.3569,18707.6118,-0.631585,-2.481240,-2.077508
R14,2020-01-02 06:45,-13206.1191,-16496.5762,14293.6509,-0.775546,-1.798641,-2.795115
R14,2020-01-02 07:15,-14551.6182,-19025.0020,8774.9932,-0.676828,-1.000788,-3.296953
R14,2020-01-02 07:45,-15490.4800,-20098.4834,2577.8779,-0.325935,-0.201278,-3.544024
R14,2020-01-02 08:15,-15594.1245,-19815.2749,-3818.6074,0.241714,0.489493,-3.517002
R14,2020-01-02 08:45,-14534.6875,-18455.8672,-9919.5938,0.951128,0.982205,-3.217802
R14,2020-01-02 09:15,-12146.3149,-16431.4087,-15252.8364,1.699755,1.222956,-2.669491
R14,2020-01-02 09:45,-8460.2310,-14211.3774,-19405.4268,2.374210,1.201649,-1.914498
R14,2020-01-02 10:15,-3707.5332,-12242.6372,-22055.8848,2.868896,0.953041,-1.011316
R14,2020-01-02 10:45,1710.9116,-10873.4482,-22999.1147,3.103419,0.550271,-0.029921
R14,2020-01-02 11:15,7282.6226,-10295.1348,-22162.2769,3.035904,0.091996,0.953673
R14,2020-01-02 11:45,12460.2144,-10511.1167,-19610.3794,2.670004,-0.314714,1.863315
R14,2020-01-02 12:15,16744.0771,-11338.4146,-15541.1724,2.054439,-0.572850,2.628622
R14,2020-01-02 12:45,19757.4878,-12441.3169,-10269.7588,1.275156,-0.612212,3.190433
R14,2020-01-02 13:15,21301.8394,-13391.5132,-4204.1143,0.441395,-0.401653,3.505389
R14,2020-01-02 13:45,21382.9761,-13744.5903,2186.5791,-0.332031,0.045243,3.549282
R14,2020-01-02 14:15,20204.4268,-13120.0298,8408.3062,-0.943287,0.672001,3.318898
R14,2020-01-02 14:45,18128.8018,-11271.2837,13980.4321,-1.319827,1.388282,2.832213
R14,2020-01-02 15:15,15613.9360,-8134.1650,18472.7842,-1.429762,2.084607,2.126944
R14,2020-01-02 15:45,13134.4790,-3845.4258,21538.7197,-1.286435,2.650298,1.257581
R14,2020-01-02 16:15,11102.0049,1271.6567,22941.6992,-0.945483,2.991674,0.291177
R14,2020-01-02 16:45,9796.8569,6752.4126,22573.3833,-0.494918,3.047521,-0.697788
R14,2020-01-02 17:15,9322.9590,12059.3545,20461.9458,-0.039889,2.799301,-1.633081
R14,2020-01-02 17:45,9593.0049,16663.0698,16769.9966,0.315361,2.274454,-2.442520
R14,2020-01-02 18:15,10346.4365,20122.3159,11782.2339,0.485381,1.542198,-3.063511
R14,2020-01-02 18:45,11197.2251,22150.2305,5883.6899,0.418269,0.702520,-3.447895
R14,2020-01-02 19:15,11703.5112,22655.8232,-469.8418,0.104856,-0.129898,-3.565732
R14,2020-01-02 19:45,11447.4741,21753.9189,-6786.9937,-0.419276,-0.844184,-3.407705
R14,2020-01-02 20:15,10112.0269,19741.9023,-12578.9019,-1.079303,-1.351124,-2.985906
R14,2020-01-02 20:45,7541.3857,17047.1709,-17397.1860,-1.773310,-1.597403,-2.332932
R14,2020-01-02 21:15,3775.2256,14154.0889,-20868.8062,-2.389076,-1.573819,-1.499348
R14,2020-01-02 21:45,-949.4609,11522.6650,-22725.0439,-2.822669,-1.316134,-0.549742
R14,2020-01-02 22:15,-6229.2881,9512.5405,-22822.3359,-2.995757,-0.898417,0.442322
R14,2020-01-02 22:45,-11553.2056,8324.9336,-21153.3594,-2.868759,-0.420028,1.400019
R14,2020-01-02 23:15,-16379.4302,7972.1445,-17847.5361,-2.447637,0.011553,2.249223
R14,2020-01-02 23:45,-20217.9741,8279.6094,-13160.9365,-1.783229,0.299197,2.924253
R15,2020-01-02 00:15,10858.7998,8154.3433,-21574.2739,-2.907361,0.555113,-1.251548
R15,2020-01-02 00:45,5519.2314,9591.8921,-22962.3887,-2.974272,1.036987,-0.280732
R15,2020-01-02 01:15,330.3940,11836.4927,-22571.7280,-2.744427,1.434268,0.711994
R15,2020-01-02 01:45,-4211.2495,14646.3081,-20432.3628,-2.266738,1.650949,1.649610
R15,2020-01-02 02:15,-7732.0674,17630.3784,-16710.0532,-1.626815,1.619800,2.459362
R15,2020-01-02 02:45,-10035.1006,20312.0166,-11693.3555,-0.932566,1.314260,3.078459
R15,2020-01-02 03:15,-11124.3232,22207.7222,-5771.1177,-0.296193,0.753541,3.458990
R15,2020-01-02 03:45,-11195.4668,22908.4399,597.8716,0.184429,0.000087,3.571662
R15,2020-01-02 04:15,-10595.1431,22149.5566,6920.6548,0.441850,-0.850217,3.408040
R15,2020-01-02 04:45,-9755.3330,19857.9292,12708.4282,0.449935,-1.683414,2.981125
R15,2020-01-02 05:15,-9114.3755,16168.1118,17514.3618,0.227769,-2.385838,2.324232
R15,2020-01-02 05:45,-9037.7925,11405.1074,20967.9639,-0.164058,-2.862422,1.488299
R15,2020-01-02 06:15,-9752.1997,6036.5410,22803.3804,-0.634064,-3.051903,0.537893
R15,2020-01-02 06:45,-11303.2891,602.1357,22879.5620,-1.075622,-2.936484,-0.453772
R15,2020-01-02 07:15,-13544.8179,-4367.9761,21190.8813,-1.385190,-2.544419,-1.410397
R15,2020-01-02 07:45,-16160.4316,-8432.8350,17867.4907,-1.480053,-1.945129,-2.258372
R15,2020-01-02 08:15,-18714.7646,-11305.2671,13165.4077,-1.312664,-1.237670,-2.932350
R15,2020-01-02 08:45,-20725.4731,-12891.0718,7447.0400,-0.879229,-0.534413,-3.380230
R15,2020-01-02 09:15,-21744.3687,-13296.4824,1153.5288,-0.221088,0.057403,-3.567206
R15,2020-01-02 09:45,-21434.2529,-12802.7461,-5229.0781,0.581386,0.453252,-3.478528
R15,2020-01-02 10:15,-19628.6465,-11812.0850,-11207.2832,1.421434,0.605088,-3.120740
R15,2020-01-02 10:45,-16364.3540,-10774.0752,-16318.3501,2.183032,0.509025,-2.521267
R15,2020-01-02 11:15,-11881.2593,-10104.7817,-20166.2661,2.759663,0.205585,-1.726346
R15,2020-01-02 11:45,-6589.1865,-10112.2437,-22452.6084,3.071617,-0.227506,-0.797467
R15,2020-01-02 12:15,-1007.1597,-10940.8662,-22999.8608,3.078938,-0.688826,0.193394
R15,2020-01-02 12:45,4315.0151,-12544.1328,-21765.3350,2.787831,-1.070765,1.169386
R15,2020-01-02 13:15,8879.9546,-14690.2827,-18844.5737,2.249499,-1.278131,2.054778
R15,2020-01-02 13:45,12317.0029,-17000.0977,-14463.9590,1.551560,-1.244705,2.780881
R15,2020-01-02 14:15,14435.4199,-19010.5059,-8963.0747,0.803495,-0.944971,3.291430
R15,2020-01-02 14:45,15247.7617,-20253.3853,-2768.2051,0.118549,-0.399016,3.546988
R15,2020-01-02 15:15,14959.7363,-20336.3340,3640.9258,-0.404884,0.330204,3.528000
R15,2020-01-02 15:45,13928.4492,-19011.8584,9768.5166,-0.699282,1.146818,3.236258
R15,2020-01-02 16:15,12596.2212,-16223.3799,15141.1514,-0.738724,1.937479,2.694661
R15,2020-01-02 16:45,11411.2197,-12120.3721,19344.3330,-0.542616,2.589727,1.945329
R15,2020-01-02 17:15,10748.2476,-7040.1284,22054.2559,-0.171812,3.010193,1.046247
R15,2020-01-02 17:45,10842.8921,-1459.1655,23062.4609,0.282145,3.139662,0.066764
R15,2020-01-02 18:15,11749.9341,4077.7695,22291.5967,0.712827,2.962556,-0.917725
R15,2020-01-02 18:45,13332.8413,9039.5317,19801.2021,1.017179,2.509338,-1.831480
R15,2020-01-02 19:15,15286.0635,12987.9941,15783.1362,1.113206,1.851460,-2.604152
R15,2020-01-02 19:45,17186.4727,15642.1870,10546.9878,0.954206,1.089682,-3.176120
R15,2020-01-02 20:15,18565.4966,16916.8037,4496.4927,0.537219,0.337640,-3.503077
R15,2020-01-02 20:45,18990.0601,16928.8101,-1901.3457,-0.095788,-0.296656,-3.559500
R15,2020-01-02 21:15,18138.8896,15971.1372,-8152.1499,-0.864198,-0.728382,-3.340713
R15,2020-01-02 21:45,15861.4175,14457.8472,-13772.3579,-1.661531,-0.909597,-2.863346
R15,2020-01-02 22:15,12209.3071,12849.9297,-18326.7334,-2.372657,-0.836757,-2.164124
R15,2020-01-02 22:45,7435.1523,11574.1499,-21462.2393,-2.892545,-0.550801,-1.297066
R15,2020-01-02 23:15,1958.3379,10948.5713,-22935.5879,-3.143476,-0.129766,-0.329302
R15,2020-01-02 23:45,-3696.4600,11127.2607,-22632.2759,-3.087811,0.324850,0.664143
R16,2020-01-02 00:15,23828.8311,-1000.9819,-9244.2241,-1.256882,0.150144,-3.252008
R16,2020-01-02 00:45,20945.4868,-352.5688,-14668.2773,-1.911333,0.595434,-2.735847
R16,2020-01-02 01:15,17096.0728,1205.8110,-18966.6729,-2.320368,1.145370,-2.009221
R16,2020-01-02 01:45,12763.4277,3771.7974,-21807.9580,-2.445476,1.696872,-1.127141
R16,2020-01-02 02:15,8460.0020,7250.5586,-22971.1890,-2.292650,2.142175,-0.156650
R16,2020-01-02 02:45,4647.8691,11362.6504,-22363.3550,-1.911041,2.386851,0.828018
R16,2020-01-02 03:15,1667.5742,15683.0225,-20027.4722,-1.384604,2.365921,1.750909
R16,2020-01-02 03:45,-312.5303,19705.2632,-16140.4692,-0.817981,2.055382,2.540153
R16,2020-01-02 04:15,-1317.9565,22920.8877,-11000.6626,-0.318840,1.477133,3.133664
R16,2020-01-02 04:45,-1556.9111,24900.7144,-5005.4048,0.020432,0.696304,3.484270
R16,2020-01-02 05:15,-1377.9204,25364.6895,1379.6108,0.138591,-0.188751,3.563770
R16,2020-01-02 05:45,-1203.2847,24228.1890,7657.0396,0.016118,-1.062222,3.365473
R16,2020-01-02 06:15,-1449.7310,21616.6963,13337.5132,-0.321362,-1.809700,2.904884
R16,2020-01-02 06:45,-2449.9849,17846.1802,17978.7524,-0.807511,-2.336863,2.218448
R16,2020-01-02 07:15,-4388.8979,13372.4956,21220.7188,-1.346774,-2.584701,1.360447
R16,2020-01-02 07:45,-7265.1582,8718.5142,22813.7896,-1.830885,-2.538682,0.398419
R16,2020-01-02 08:15,-10885.0991,4391.4458,22637.7031,-2.157486,-2.230350,-0.592429
R16,2020-01-02 08:45,-14889.4839,804.2856,20709.9336,-2.247634,-1.731231,-1.535277
R16,2020-01-02 09:15,-18808.5737,-1785.6484,17183.1758,-2.059272,-1.140240,-2.357671
R16,2020-01-02 09:45,-22136.1206,-3311.2686,12332.4624,-1.594510,-0.566801,-2.996976
R16,2020-01-02 10:15,-24409.9819,-3898.1465,6533.2310,-0.899626,-0.112550,-3.404935
R16,2020-01-02 10:45,-25286.1743,-3834.9712,232.1963,-0.057889,0.145421,-3.551065
R16,2020-01-02 11:15,-24594.4336,-3517.3008,-6086.7041,0.823524,0.167083,-3.424718
R16,2020-01-02 11:45,-22366.4277,-3374.0884,-11938.7964,1.630409,-0.044164,-3.035712
R16,2020-01-02 12:15,-18832.1982,-3789.1050,-16875.0254,2.259489,-0.442245,-2.413559
R16,2020-01-02 12:45,-14385.4346,-5030.1011,-20515.6724,2.634620,-0.946144,-1.605326
R16,2020-01-02 13:15,-9523.1123,-7197.3091,-22579.1182,2.718697,-1.453371,-0.672293
R16,2020-01-02 13:45,-4769.0664,-10199.8525,-22903.6187,2.519345,-1.857088,0.314429
R16,2020-01-02 14:15,-593.7046,-13764.2266,-21460.4390,2.087452,-2.064149,1.279078
R16,2020-01-02 14:45,2657.2007,-17473.9263,-18357.1655,1.508657,-2.011172,2.146914
R16,2020-01-02 15:15,4812.9395,-20834.1606,-13830.6260,0.889084,-1.675946,2.850035
R16,2020-01-02 15:45,5899.0376,-23351.3071,-8229.5635,0.337536,-1.082140,3.332856
R16,2020-01-02 16:15,6125.3975,-24614.0098,-1988.0820,-0.052871,-0.296356,3.556803
R16,2020-01-02 16:45,5843.2056,-24362.2148,4408.2437,-0.220534,0.582150,3.503692
R16,2020-01-02 17:15,5477.8213,-22532.2373,10460.8677,-0.145823,1.437450,3.177419
R16,2020-01-02 17:45,5449.1670,-19269.9492,15698.0962,0.145715,2.155866,2.603720
R16,2020-01-02 18:15,6093.4189,-14909.6870,19712.7310,0.587977,2.644560,1.828008
R16,2020-01-02 18:45,7599.5674,-9922.4712,22194.2383,1.085958,2.846548,0.911513
R16,2020-01-02 19:15,9971.7534,-4842.4414,22952.7666,1.532297,2.749556,-0.073840
R16,2020-01-02 19:45,13023.6851,-184.0210,21933.1670,1.825853,2.387328,-1.051316
R16,2020-01-02 20:15,16405.8652,3636.3149,19218.1787,1.889066,1.833308,-1.945446
R16,2020-01-02 20:45,19660.8164,6360.8564,15020.8647,1.681266,1.187908,-2.687811
R16,2020-01-02 21:15,22296.9175,7924.4053,9667.2261,1.205782,0.561596,-3.222109
R16,2020-01-02 21:45,23868.5806,8455.9165,3570.5840,0.509792,0.056630,-3.508192
R16,2020-01-02 22:15,24049.6465,8248.2827,-2800.1919,-0.322938,-0.249590,-3.524837
R16,2020-01-02 22:45,22688.1523,7701.6040,-8956.2129,-1.185200,-0.316939,-3.271136
R16,2020-01-02 23:15,19833.6982,7249.4624,-14425.3140,-1.963231,-0.148803,-2.766455
R16,2020-01-02 23:45,15733.0493,7280.3037,-18787.4575,-2.554649,0.208801,-2.048995
R17,2020-01-02 00:15,-7359.8384,24364.4077,1366.8706,0.145057,0.242841,-3.592072
R17,2020-01-02 00:45,-6890.7705,24006.5132,-5068.0752,0.334454,-0.646865,-3.511309
R17,2020-01-02 01:15,-6308.0928,22049.1553,-11110.0239,0.271615,-1.514197,-3.158237
R17,2020-01-02 01:45,-6050.1440,18639.0596,-16290.3931,-0.018447,-2.242806,-2.560253
R17,2020-01-02 02:15,-6471.3467,14116.4297,-20207.6147,-0.468887,-2.737013,-1.763921
R17,2020-01-02 02:45,-7776.3872,8963.1445,-22558.4902,-0.982615,-2.937214,-0.831245
R17,2020-01-02 03:15,-9980.2485,3728.3018,-23161.7026,-1.449009,-2.829287,0.165259
R17,2020-01-02 03:45,-12900.8506,-1056.4849,-21971.6636,-1.762920,-2.446427,1.148293
R17,2020-01-02 04:15,-16185.5420,-4958.0288,-19081.7085,-1.842746,-1.863195,2.041801
R17,2020-01-02 04:45,-19367.0049,-7705.4634,-14716.4971,-1.644570,-1.182808,2.776864
R17,2020-01-02 05:15,-21939.2427,-9226.7378,-9214.3145,-1.170036,-0.519828,3.296963
R17,2020-01-02 05:45,-23441.0420,-9651.9380,-3000.7026,-0.466660,0.018855,3.562274
R17,2020-01-02 06:15,-23533.0664,-9283.1929,3444.4844,0.379453,0.351626,3.552651
R17,2020-01-02 06:45,-22055.8594,-8536.3975,9624.0518,1.257240,0.435415,3.269084
R17,2020-01-02 07:15,-19059.1929,-7864.6323,15061.6152,2.048440,0.272495,2.733546
R17,2020-01-02 07:45,-14797.9346,-7676.0771,19338.0498,2.646519,-0.090290,1.987270
R17,2020-01-02 08:15,-9695.1069,-8260.1006,22123.5063,2.973695,-0.569695,1.087587
R17,2020-01-02 08:45,-4278.1299,-9733.7798,23202.6470,2.993302,-1.060291,0.103597
R17,2020-01-02 09:15,901.4116,-12017.7651,22491.2524,2.715487,-1.452405,-0.889035
R17,2020-01-02 09:45,5351.4761,-14845.5957,20042.9497,2.195311,-1.650833,-1.813787
R17,2020-01-02 10:15,8713.1670,-17805.1235,16045.4932,1.523567,-1.591300,-2.599107
R17,2020-01-02 10:45,10812.2183,-20405.3901,10806.7544,0.811733,-1.251885,-3.183964
R17,2020-01-02 11:15,11679.9102,-22158.0444,4731.3066,0.173509,-0.657507,-3.522660
R17,2020-01-02 11:45,11539.9395,-22659.8159,-1710.6992,-0.294009,0.123419,-3.588536
R17,2020-01-02 12:15,10763.4419,-21662.2300,-8020.0488,-0.526387,0.989626,-3.376190
R17,2020-01-02 12:45,9799.7212,-19116.7588,-13707.4585,-0.502386,1.823260,-2.901995
R17,2020-01-02 13:15,9094.4282,-15187.6665,-18331.8940,-0.247178,2.508999,-2.202833
R17,2020-01-02 13:45,9009.0698,-10230.2588,-21535.0820,0.172326,2.952820,-1.333159
R17,2020-01-02 14:15,9755.5044,-4738.0928,-23069.4082,0.659218,3.097231,-0.360652
R17,2020-01-02 14:45,11356.4990,732.0830,-22817.0098,1.103381,2.930434,0.639155
R17,2020-01-02 15:15,13638.9565,5645.2031,-20798.6299,1.400486,2.487925,1.588800
R17,2020-01-02 15:45,16260.9087,9568.5801,-17171.6445,1.469976,1.846322,2.414915
R17,2020-01-02 16:15,18767.7061,12235.2109,-12217.5264,1.269070,1.110501,3.053870
R17,2020-01-02 16:45,20667.9966,13579.4604,-6319.7998,0.800442,0.396196,3.456627
R17,2020-01-02 17:15,21516.8433,13739.4878,65.7461,0.112357,-0.189031,3.592435
R17,2020-01-02 17:45,20992.1626,13026.3037,6446.2598,-0.708764,-0.563322,3.451115
R17,2020-01-02 18:15,18951.8354,11864.8198,12329.7217,-1.552091,-0.683677,3.043752
R17,2020-01-02 18:45,15462.0405,10716.8423,17262.6421,-2.300162,-0.552590,2.401786
R17,2020-01-02 19:15,10792.1157,9998.8608,20864.7202,-2.847786,-0.217126,1.574578
R17,2020-01-02 19:45,5376.7261,10008.2783,22857.9058,-3.118960,0.239408,0.625657
R17,2020-01-02 20:15,-248.5625,10870.3022,23087.7246,-3.079100,0.711765,-0.372067
R17,2020-01-02 20:45,-5527.9082,12514.3135,21535.2998,-2.740560,1.090759,-1.341794
R17,2020-01-02 21:15,-9968.9819,14683.7300,18319.1440,-2.160571,1.281969,-2.208648
R17,2020-01-02 21:45,-13216.3179,16977.8916,13686.4785,-1.431864,1.222107,-2.905421
R17,2020-01-02 22:15,-15102.2417,18919.2046,7994.5938,-0.667464,0.890318,-3.377833
R17,2020-01-02 22:45,-15666.9805,20034.5049,1683.5190,0.017868,0.312447,-3.588861
R17,2020-01-02 23:15,-15144.6074,19937.1035,-4757.9971,0.526509,-0.442506,-3.521773
R17,2020-01-02 23:45,-13917.1523,18395.6924,-10830.5615,0.793957,-1.273235,-3.181567
R18,2020-01-02 00:15,1653.8975,19139.7578,16831.6377,-0.569227,2.235615,-2.484436
R18,2020-01-02 00:45,1071.7812,22644.0400,11769.0767,-0.101426,1.617900,-3.104252
R18,2020-01-02 01:15,1178.2588,24845.3047,5800.1060,0.183372,0.803085,-3.485055
R18,2020-01-02 01:45,1587.9595,25479.2759,-615.6694,0.229723,-0.104354,-3.597462
R18,2020-01-02 02:15,1854.3101,24485.5430,-6983.9341,0.026050,-0.985422,-3.432547
R18,2020-01-02 02:45,1551.5176,22016.7896,-12813.4102,-0.393284,-1.725539,-3.002606
R18,2020-01-02 03:15,353.3555,18414.0708,-17653.5542,-0.953554,-2.232809,-2.340335
R18,2020-01-02 03:45,-1904.4370,14152.0815,-21129.3569,-1.552055,-2.452629,-1.496445
R18,2020-01-02 04:15,-5188.6909,9763.3081,-22970.5586,-2.075251,-2.376206,-0.535874
R18,2020-01-02 04:45,-9266.4819,5753.4912,-23032.9668,-2.417911,-2.041559,0.467138
R18,2020-01-02 05:15,-13736.6440,2522.3276,-21310.1338,-2.501057,-1.526766,1.434779
R18,2020-01-02 05:45,-18090.2227,302.5542,-17934.3477,-2.285701,-0.936572,2.291730
R18,2020-01-02 06:15,-21790.0215,-872.4399,-13166.7129,-1.780017,-0.384533,2.971137
R18,2020-01-02 06:45,-24356.1123,-1167.0591,-7376.9702,-1.038676,0.026303,3.419963
R18,2020-01-02 07:15,-25443.0137,-908.3193,-1014.5874,-0.154387,0.220907,3.603260
R18,2020-01-02 07:45,-24895.5674,-523.0659,5426.5669,0.756980,0.164971,3.506968
R18,2020-01-02 08:15,-22774.1226,-458.3579,11447.0479,1.575130,-0.129353,3.138977
R18,2020-01-02 08:45,-19344.8442,-1098.6313,16580.9385,2.194789,-0.605661,2.528376
R18,2020-01-02 09:15,-15036.9189,-2693.7456,20432.0298,2.542525,-1.172999,1.722988
R18,2020-01-02 09:45,-10373.9717,-5310.0464,22704.2197,2.588181,-1.721353,0.785471
R18,2020-01-02 10:15,-5891.2085,-8812.5903,23223.8735,2.349094,-2.140285,-0.211656
R18,2020-01-02 10:45,-2052.0142,-12881.4116,21952.5933,1.886499,-2.337599,-1.191613
R18,2020-01-02 11:15,822.3970,-17059.0757,18989.6421,1.294834,-2.254956,-2.079188
R18,2020-01-02 11:45,2598.9575,-20821.6938,14563.9990,0.685735,-1.877973,-2.806370
R18,2020-01-02 12:15,3347.0884,-23661.8013,9016.7266,0.169374,-1.239130,-3.317414
R18,2020-01-02 12:45,3319.2900,-25169.6152,2774.9575,-0.163860,-0.413083,-3.573032
R18,2020-01-02 13:15,2901.3325,-25099.4297,-3680.5986,-0.258358,0.494939,-3.553374
R18,2020-01-02 13:45,2540.3481,-23410.2681,-9852.2983,-0.102508,1.365746,-3.259607
R18,2020-01-02 14:15,2662.7471,-20274.0469,-15263.6436,0.269380,2.085176,-2.713928
R18,2020-01-02 14:45,3595.6079,-16049.7666,-19495.9517,0.782813,2.562337,-1.957989
R18,2020-01-02 15:15,5504.7134,-11227.8066,-22220.8184,1.335622,2.744111,-1.049815
R18,2020-01-02 15:45,8359.7295,-6353.3467,-23225.8325,1.815196,2.623515,-0.059443
R18,2020-01-02 16:15,11932.5962,-1941.4229,-22431.4878,2.117635,2.240496,0.936446
R18,2020-01-02 16:45,15829.7217,1602.3960,-19897.8604,2.165618,1.674973,1.860460
R18,2020-01-02 17:15,19552.8916,4042.5918,-15820.3857,1.921988,1.033257,2.640591
R18,2020-01-02 17:45,22578.9390,5345.4614,-10514.9272,1.396698,0.430066,3.215940
R18,2020-01-02 18:15,24444.9316,5676.7827,-4393.2002,0.645895,-0.030840,3.541623
R18,2020-01-02 18:45,24824.5742,5365.8555,2069.5205,-0.236788,-0.274113,3.592379
R18,2020-01-02 19:15,23582.9502,4842.1274,8371.7773,-1.135254,-0.265386,3.364563
R18,2020-01-02 19:45,20800.3677,4555.2769,14025.2983,-1.929741,-0.016813,2.876349
R18,2020-01-02 20:15,16761.3755,4892.4336,18593.0942,-2.516174,0.415315,2.166142
R18,2020-01-02 20:45,11910.8975,6106.5801,21723.2178,-2.822826,0.940423,1.289376
R18,2020-01-02 21:15,6784.9482,8268.1665,23175.5776,-2.821516,1.449213,0.314072
R18,2020-01-02 21:45,1927.4971,11247.9434,22839.8818,-2.531598,1.832294,-0.684505
R18,2020-01-02 22:15,-2192.8359,14733.7632,20743.5361,-2.016183,1.998765,-1.629598
R18,2020-01-02 22:45,-5252.7349,18278.4976,17049.0942,-1.371295,1.891733,-2.448742
R18,2020-01-02 23:15,-7119.5703,21371.1758,12041.5820,-0.709797,1.498246,-3.079175
R18,2020-01-02 23:45,-7865.0488,23519.7109,6106.6797,-0.142689,0.852059,-3.472524
R19,2020-01-02 00:15,9588.3623,4100.2373,23285.8960,-1.067219,3.007861,-0.090689
R19,2020-01-02 00:45,8110.2285,9549.1523,22225.3779,-0.567472,2.993953,-1.080046
R19,2020-01-02 01:15,7539.0430,14690.3242,19447.8096,-0.078287,2.668094,-1.986153
R19,2020-01-02 01:45,7757.2930,18988.1787,15167.4165,0.293153,2.066813,-2.739008
R19,2020-01-02 02:15,8472.0698,22012.1533,9714.6221,0.461978,1.268704,-3.280343
R19,2020-01-02 02:45,9269.1523,23502.0469,3510.6890,0.380246,0.381896,-3.568159
R19,2020-01-02 03:15,9688.1265,23406.0767,-2964.7554,0.045372,-0.473330,-3.580038
R19,2020-01-02 03:45,9305.9644,21885.3506,-9210.8276,-0.499047,-1.183938,-3.314941
R19,2020-01-02 04:15,7814.9971,19284.0352,-14744.2314,-1.170196,-1.662327,-2.793327
R19,2020-01-02 04:45,5082.1318,16070.2119,-19136.7783,-1.859632,-1.860243,-2.055566
R19,2020-01-02 05:15,1179.2534,12757.3174,-22048.6089,-2.451249,-1.776138,-1.158786
R19,2020-01-02 05:45,-3620.4121,9819.2778,-23254.5137,-2.840604,-1.454724,-0.172416
R19,2020-01-02 06:15,-8879.5254,7613.4624,-22661.3335,-2.952390,-0.978861,0.827208
R19,2020-01-02 06:45,-14061.4287,6324.2085,-20315.1157,-2.753157,-0.455132,1.762751
R19,2020-01-02 07:15,-18611.9116,5936.2202,-16397.5083,-2.257187,0.004452,2.561856
R19,2020-01-02 07:45,-22044.5464,6242.1489,-11211.6782,-1.524529,0.301598,3.162739
R19,2020-01-02 08:15,-24015.5786,6882.9771,-5158.8213,-0.651517,0.368522,3.518971
R19,2020-01-02 08:45,-24376.0522,7414.3628,1292.9219,0.244688,0.179595,3.603085
R19,2020-01-02 09:15,-23192.6167,7387.7666,7644.7388,1.044954,-0.244109,3.408685
R19,2020-01-02 09:45,-20733.6387,6432.7139,13405.7573,1.647323,-0.838123,2.950923
R19,2020-01-02 10:15,-17423.0249,4326.3535,18130.9731,1.983241,-1.505186,2.265273
R19,2020-01-02 10:45,-13769.5020,1038.6255,21455.5439,2.028219,-2.131359,1.404747
R19,2020-01-02 11:15,-10283.1299,-3254.5791,23122.8267,1.805166,-2.604977,0.435775
R19,2020-01-02 11:45,-7392.8687,-8192.5664,23004.0601,1.379907,-2.835284,-0.566897
R19,2020-01-02 12:15,-5378.7622,-13281.9429,21108.2500,0.849655,-2.767712,-1.525924
R19,2020-01-02 12:45,-4329.8555,-17971.2437,17581.5269,0.326349,-2.393282,-2.367267
R19,2020-01-02 13:15,-4134.7041,-21735.9365,12696.0146,-0.082393,-1.750569,-3.025876
R19,2020-01-02 13:45,-4505.9712,-24159.9180,6828.9951,-0.291570,-0.919884,-3.450725
R19,2020-01-02 14:15,-5034.9609,-25000.1030,433.8877,-0.253301,-0.010564,-3.608801
R19,2020-01-02 14:45,-5266.9561,-24223.4429,-5994.7646,0.034899,0.856534,-3.487734
R19,2020-01-02 15:15,-4784.7041,-22010.2095,-11959.6094,0.529475,1.568471,-3.096799
R19,2020-01-02 15:45,-3285.9868,-18722.9941,-16999.0820,1.147959,2.038351,-2.466225
R19,2020-01-02 16:15,-642.1621,-14846.5864,-20723.2305,1.782681,2.219095,-1.644834
R19,2020-01-02 16:45,3072.2432,-10908.7466,-22843.9531,2.318776,2.110591,-0.696225
R19,2020-01-02 17:15,7583.9907,-7395.0615,-23197.2837,2.653469,1.759041,0.306171
R19,2020-01-02 17:45,12459.0371,-4671.9805,-21756.0361,2.713433,1.248652,1.284795
R19,2020-01-02 18:15,17167.7446,-2930.7310,-18631.8604,2.467344,0.687076,2.163946
R19,2020-01-02 18:45,21166.7227,-2161.2998,-14066.5688,1.931546,0.187037,2.875637
R19,2020-01-02 19:15,23983.8506,-2160.6504,-8413.3984,1.167866,-0.152802,3.364856
R19,2020-01-02 19:45,25292.4795,-2573.6753,-2109.6440,0.273938,-0.264561,3.593826
R19,2020-01-02 20:15,24962.5640,-2959.9077,4357.2271,-0.632387,-0.122641,3.544939
R19,2020-01-02 20:45,23080.2959,-2874.7329,10487.3315,-1.431967,0.251891,3.222092
R19,2020-01-02 21:15,19933.0283,-1951.4224,15807.0371,-2.023459,0.794782,2.650357
R19,2020-01-02 21:45,15962.0542,29.8052,19905.5166,-2.339443,1.409327,1.873985
R19,2020-01-02 22:15,11691.1274,3097.3076,22466.3638,-2.356887,1.982555,0.952953
R19,2020-01-02 22:45,7642.5625,7075.6104,23291.8818,-2.100287,2.404183,-0.041667
R19,2020-01-02 23:15,4254.7432,11607.2476,22318.2427,-1.636996,2.585180,-1.033161
R19,2020-01-02 23:45,1814.5713,16205.3755,19620.4053,-1.065535,2.472920,-1.945023
R20,2020-01-02 00:15,12951.8721,-15447.3350,15617.3105,-0.894049,1.953702,2.679960
R20,2020-01-02 00:45,11483.5767,-11300.8340,19774.7793,-0.699736,2.621582,1.909557
R20,2020-01-02 01:15,10546.3652,-6151.6528,22403.3726,-0.317295,3.053961,0.992284
R20,2020-01-02 01:45,10398.2554,-486.6382,23301.3853,0.159493,3.187764,-0.000829
R20,2020-01-02 02:15,11111.0117,5133.3369,22400.8555,0.620485,3.004923,-0.993170
R20,2020-01-02 02:45,12557.5327,10158.0508,19772.3613,0.958072,2.535148,-1.908399
R20,2020-01-02 03:15,14433.3086,14130.5864,15619.2915,1.085606,1.850952,-2.676220
R20,2020-01-02 03:45,16308.3101,16754.6021,10262.1099,0.952324,1.055773,-3.237670
R20,2020-01-02 04:15,17700.7065,17935.3921,4113.7969,0.552341,0.267129,-3.549566
R20,2020-01-02 04:45,18160.2456,17788.1836,-2351.7090,-0.073758,-0.402440,-3.587800
R20,2020-01-02 05:15,17347.5059,16612.4341,-8635.7603,-0.845038,-0.863570,-3.349210
R20,2020-01-02 05:45,15095.8701,14836.4404,-14253.2266,-1.653036,-1.064401,-2.851893
R20,2020-01-02 06:15,11445.8340,12941.4556,-18769.8257,-2.379248,-0.998693,-2.133900
R20,2020-01-02 06:45,6645.7681,11377.9087,-21835.6929,-2.914396,-0.706369,-1.250386
R20,2020-01-02 07:15,1118.7671,10487.6572,-23212.6084,-3.176326,-0.266352,-0.269452
R20,2020-01-02 07:45,-4599.2100,10445.2578,-22792.7319,-3.123549,0.217110,0.733067
R20,2020-01-02 08:15,-9939.9146,11228.1147,-20607.3354,-2.762201,0.632410,1.679444
R20,2020-01-02 08:45,-14388.9507,12620.6162,-16824.7573,-2.145178,0.879838,2.496114
R20,2020-01-02 09:15,-17563.3374,14251.6729,-11737.6118,-1.363582,0.888915,3.119476
R20,2020-01-02 09:45,-19267.6504,15659.4653,-5740.1528,-0.531815,0.630851,3.500957
R20,2020-01-02 10:15,-19519.4463,16372.5454,702.4800,0.231170,0.123985,3.610899
R20,2020-01-02 10:45,-18539.7759,15993.5869,7090.6914,0.821342,-0.568749,3.440926
R20,2020-01-02 11:15,-16710.5239,14271.6016,12929.5542,1.166466,-1.349928,3.004554
R20,2020-01-02 11:45,-14505.9019,11150.3794,17767.4316,1.237526,-2.103566,2.336028
R20,2020-01-02 12:15,-12409.7617,6784.9780,21230.9727,1.052844,-2.714174,1.487493
R20,2020-01-02 12:45,-10832.6831,1523.5068,23053.7471,0.674229,-3.085718,0.524812
R20,2020-01-02 13:15,-10042.6753,-4142.7329,23096.3945,0.195928,-3.157336,-0.477611
R20,2020-01-02 13:45,-10120.8994,-9652.5259,21356.8945,-0.271732,-2.913277,-1.442558
R20,2020-01-02 14:15,-10949.6021,-14459.4214,17970.3394,-0.621264,-2.385479,-2.295869
R20,2020-01-02 14:45,-12234.0708,-18114.0713,13198.3340,-0.766386,-1.648417,-2.972021
R20,2020-01-02 15:15,-13554.8774,-20330.8857,7408.8779,-0.656839,-0.807085,-3.419068
R20,2020-01-02 15:45,-14441.7178,-21028.2759,1048.2197,-0.287239,0.019939,-3.602571
R20,2020-01-02 16:15,-14456.6323,-20336.0034,-5393.2485,0.301510,0.719602,-3.508241
R20,2020-01-02 16:45,-13272.7964,-18568.5264,-11418.5322,1.028481,1.202525,-3.143086
R20,2020-01-02 17:15,-10735.7666,-16168.7578,-16562.1953,1.785686,1.417265,-2.534954
R20,2020-01-02 17:45,-6896.8735,-13631.5596,-20426.2485,2.455641,1.358264,-1.730469
R20,2020-01-02 18:15,-2013.0068,-11419.6221,-22711.0010,2.930619,1.066226,-0.791533
R20,2020-01-02 18:45,3487.4521,-9885.7041,-23238.4810,3.130484,0.620777,0.209379
R20,2020-01-02 19:15,9067.1973,-9214.1748,-21966.5596,3.016076,0.126650,1.194782
R20,2020-01-02 19:45,14160.9546,-9391.6479,-18992.6099,2.595968,-0.304366,2.088176
R20,2020-01-02 20:15,18261.6191,-10211.6831,-14546.2939,1.925372,-0.572699,2.820043
R20,2020-01-02 20:45,20997.3662,-11312.8354,-8971.9297,1.097334,-0.608237,3.333359
R20,2020-01-02 21:15,22186.9556,-12243.7026,-2701.7280,0.227649,-0.382648,3.588145
R20,2020-01-02 21:45,21864.0337,-12543.9990,3777.9990,-0.564013,0.085387,3.564674
R20,2020-01-02 22:15,20266.4302,-11827.9175,9964.9492,-1.173570,0.732917,3.265013
R20,2020-01-02 22:45,17792.3721,-9855.6191,15380.1118,-1.529290,1.462965,2.712788
R20,2020-01-02 23:15,14931.1357,-6580.7422,19605.0444,-1.603039,2.160547,1.951201
R20,2020-01-02 23:45,12179.8945,-2165.9126,22314.1479,-1.414159,2.711696,1.039515
R21,2020-01-02 00:15,7042.5269,-24435.1157,-2178.3184,-0.124579,-0.356696,3.583046
R21,2020-01-02 00:45,6593.5698,-24285.3857,4272.0498,-0.332756,0.531322,3.537570
R21,2020-01-02 01:15,5997.4780,-22528.8208,10392.7012,-0.287716,1.408569,3.219080
R21,2020-01-02 01:45,5697.9585,-19291.5918,15711.3052,-0.010509,2.158033,2.652179
R21,2020-01-02 02:15,6061.4961,-14896.1548,19817.3872,0.435374,2.681584,1.880545
R21,2020-01-02 02:45,7309.7930,-9812.5078,22393.8374,0.954879,2.915620,0.963573
R21,2020-01-02 03:15,9476.8857,-4586.0342,23241.2900,1.437543,2.841079,-0.028138
R21,2020-01-02 03:45,12398.1455,246.2988,22293.5522,1.776277,2.486184,-1.018162
R21,2020-01-02 04:15,15733.1396,4237.7295,19622.9097,1.885682,1.921495,-1.930047
R21,2020-01-02 04:45,19018.7515,7098.1387,15434.8555,1.716881,1.248033,-2.693194
R21,2020-01-02 05:15,21743.9351,8734.2729,10052.5361,1.266378,0.580426,-3.248336
R21,2020-01-02 05:45,23433.8281,9257.1567,3892.0005,0.577438,0.027822,-3.552208
R21,2020-01-02 06:15,23729.2500,8955.5229,-2569.9458,-0.266352,-0.324252,-3.581023
R21,2020-01-02 06:45,22448.2803,8239.7407,-8832.7871,-1.154294,-0.428057,-3.332410
R21,2020-01-02 07:15,19619.5088,7565.7300,-14411.3252,-1.966387,-0.281393,-2.825648
R21,2020-01-02 07:45,15481.2954,7351.7446,-18873.5288,-2.592752,0.072345,-2.100141
R21,2020-01-02 08:15,10447.0767,7902.1152,-21874.1665,-2.951392,0.551842,-1.212281
R21,2020-01-02 08:45,5042.4722,9350.8481,-23181.5391,-3.001330,1.051929,-0.230990
R21,2020-01-02 09:15,-175.3809,11634.5752,-22695.2681,-2.748944,1.461660,0.767699
R21,2020-01-02 09:45,-4702.9448,14499.3872,-20453.8198,-2.246511,1.683353,1.706553
R21,2020-01-02 10:15,-8165.8667,17540.4199,-16631.2749,-1.583236,1.649426,2.513094
R21,2020-01-02 10:45,-10372.7271,20267.6011,-11523.6680,-0.870300,1.334224,3.125166
R21,2020-01-02 11:15,-11338.2832,22186.6602,-5525.9854,-0.222399,0.758906,3.495686
R21,2020-01-02 11:45,-11272.6060,22881.9644,898.3906,0.261172,-0.011430,3.596226
R21,2020-01-02 12:15,-10538.1235,22087.4541,7253.4375,0.512754,-0.877917,3.419171
R21,2020-01-02 12:45,-9581.9023,19733.9126,13048.6836,0.507225,-1.723679,2.978261
R21,2020-01-02 13:15,-8854.5273,15964.7173,17836.9131,0.265779,-2.432591,2.307504
R21,2020-01-02 13:45,-8729.1577,11117.4204,21248.5020,-0.148034,-2.907965,1.458549
R21,2020-01-02 14:15,-9434.2417,5674.1255,23019.8032,-0.639318,-3.088059,0.496745
R21,2020-01-02 14:45,-11011.1060,188.7080,23013.4561,-1.098066,-2.955931,-0.503833
R21,2020-01-02 15:15,-13303.5239,-4797.2783,21229.1016,-1.417968,-2.541994,-1.466009
R21,2020-01-02 15:45,-15981.1250,-8836.3438,17803.6689,-1.514676,-1.918873,-2.315398
R21,2020-01-02 16:15,-18592.9150,-11641.1182,13001.1279,-1.340525,-1.189362,-2.986149
R21,2020-01-02 16:45,-20642.1719,-13123.9175,7192.3818,-0.893219,-0.469433,-3.426086
R21,2020-01-02 17:15,-21670.3364,-13403.3169,826.7319,-0.216990,0.130915,-3.600862
R21,2020-01-02 17:45,-21335.9141,-12776.6909,-5602.9370,0.604043,0.525783,-3.496731
R21,2020-01-02 18:15,-19475.1016,-11663.3633,-11598.5293,1.459252,0.667433,-3.121696
R21,2020-01-02 18:45,-16133.8706,-10527.9849,-16695.5991,2.229388,0.553882,-2.504893
R21,2020-01-02 19:15,-11566.0151,-9797.1060,-20499.5566,2.805972,0.228757,-1.694284
R21,2020-01-02 19:45,-6197.3916,-9783.0493,-22716.3208,3.108929,-0.226545,-0.752843
R21,2020-01-02 20:15,-562.2554,-10627.9033,-23175.0127,3.099526,-0.707050,0.246417
R21,2020-01-02 20:45,4777.7856,-12277.0132,-21840.9766,2.786485,-1.102322,1.226139
R21,2020-01-02 21:15,9318.8545,-14486.3730,-18818.2075,2.224298,-1.315475,2.110621
R21,2020-01-02 21:45,12689.9966,-16862.6328,-14341.0742,1.504077,-1.279902,2.831640
R21,2020-01-02 22:15,14706.2393,-18929.0430,-8756.0366,0.738470,-0.970952,3.333673
R21,2020-01-02 22:45,15390.9736,-20206.3457,-2494.7910,0.043129,-0.410628,3.578141
R21,2020-01-02 23:15,14964.1748,-20295.1655,3959.0791,-0.482184,0.335464,3.546338
R21,2020-01-02 23:45,13798.6245,-18946.1982,10107.3809,-0.769761,1.168428,3.240835
R22,2020-01-02 00:15,-3190.9585,-16908.6860,-18767.1387,0.695897,-2.489302,2.133728
R22,2020-01-02 00:45,-2403.0361,-20952.9556,-14246.5869,0.198395,-1.959399,2.856453
R22,2020-01-02 01:15,-2381.0576,-23823.0576,-8617.2534,-0.140678,-1.198308,3.357521
R22,2020-01-02 01:45,-2772.2686,-25186.4155,-2316.7241,-0.252516,-0.303853,3.597266
R22,2020-01-02 02:15,-3137.0303,-24908.1909,4164.3081,-0.110817,0.605109,3.556770
R22,2020-01-02 02:45,-3030.6978,-23071.9678,10321.1133,0.263583,1.408109,3.239458
R22,2020-01-02 03:15,-2086.5166,-19964.7432,15675.1133,0.806231,2.002712,2.670739
R22,2020-01-02 03:45,-85.2051,-16028.8999,19811.6914,1.420100,2.321023,1.895752
R22,2020-01-02 04:15,3000.6855,-11789.5210,22412.4429,1.992146,2.340197,0.975500
R22,2020-01-02 04:45,6995.0640,-7769.5049,23279.3188,2.412500,2.085306,-0.018206
R22,2020-01-02 05:15,11541.0205,-4406.7573,22348.9746,2.592985,1.624232,-1.008492
R22,2020-01-02 05:45,16153.9609,-1987.0825,19696.5376,2.481927,1.055607,-1.919354
R22,2020-01-02 06:15,20296.2261,-603.5020,15528.8555,2.072903,0.491926,-2.681350
R22,2020-01-02 06:45,23460.9180,-148.2358,10168.0098,1.406101,0.040652,-3.236660
R22,2020-01-02 07:15,25251.3481,-338.2124,4026.4951,0.562176,-0.213639,-3.543245
R22,2020-01-02 07:45,25443.3521,-769.6011,-2424.0723,-0.350382,-0.223226,-3.577850
R22,2020-01-02 08:15,24020.5107,-992.2905,-8688.4795,-1.212317,0.014870,-3.337676
R22,2020-01-02 08:45,21176.6343,-592.0752,-14285.1973,-1.912419,0.458317,-2.840644
R22,2020-01-02 09:15,17285.0542,732.9272,-18782.7974,-2.365097,1.026369,-2.124182
R22,2020-01-02 09:45,12839.5713,3114.2295,-21832.9248,-2.523873,1.613123,-1.242615
R22,2020-01-02 10:15,8376.4688,6483.0698,-23197.3823,-2.388621,2.105102,-0.263273
R22,2020-01-02 10:45,4390.1655,10573.9556,-22767.2222,-2.005287,2.400333,0.738463
R22,2020-01-02 11:15,1256.2783,14961.5664,-20572.1875,-1.458032,2.425817,1.684868
R22,2020-01-02 11:45,-825.1582,19125.3999,-16779.4917,-0.854984,2.150435,2.501941
R22,2020-01-02 12:15,-1856.7134,22531.7744,-11681.6909,-0.309883,1.591022,3.125369
R22,2020-01-02 12:45,-2036.1089,24719.6260,-5674.3154,0.077317,0.810425,3.505856
R22,2020-01-02 13:15,-1715.4136,25375.6362,775.1167,0.237567,-0.092260,3.613286
R22,2020-01-02 13:45,-1333.8052,24385.8237,7164.2065,0.144526,-0.997695,3.439292
R22,2020-01-02 14:15,-1335.4956,21854.7231,12995.7144,-0.180999,-1.785789,2.997922
R22,2020-01-02 14:45,-2087.0273,18088.8730,17817.0464,-0.674803,-2.355266,2.324363
R22,2020-01-02 15:15,-3808.2139,13547.5708,21255.7842,-1.240456,-2.639948,1.471869
R22,2020-01-02 15:45,-6528.4805,8769.4282,23048.3452,-1.765919,-2.618983,0.507269
R22,2020-01-02 16:15,-10075.8472,4287.2529,23059.6196,-2.142673,-2.319431,-0.494477
R22,2020-01-02 16:45,-14100.1729,545.4619,21292.3276,-2.284118,-1.810935,-1.456178
R22,2020-01-02 17:15,-18126.5425,-2166.4917,17885.7251,-2.140214,-1.193528,-2.304274
R22,2020-01-02 17:45,-21629.8555,-3754.1021,13104.0801,-1.706073,-0.580709,-2.974271
R22,2020-01-02 18:15,-24118.3320,-4325.1260,7316.0181,-1.023173,-0.080568,-3.415407
R22,2020-01-02 18:45,-25212.4189,-4163.4487,966.3682,-0.173103,0.222001,-3.594283
R22,2020-01-02 19:15,-24706.3813,-3674.0796,-5457.4370,0.735156,0.279168,-3.497250
R22,2020-01-02 19:45,-22602.6689,-3308.4043,-11462.0410,1.582355,0.087940,-3.131419
R22,2020-01-02 20:15,-19113.4771,-3481.9487,-16585.3589,2.257816,-0.309410,-2.524231
R22,2020-01-02 20:45,-14629.1191,-4498.1489,-20431.6729,2.676972,-0.832361,-1.721557
R22,2020-01-02 21:15,-9658.1250,-6490.7266,-22702.0938,2.794803,-1.375529,-0.784464
R22,2020-01-02 21:45,-4748.5850,-9394.3940,-23218.0796,2.612948,-1.826335,0.215218
R22,2020-01-02 22:15,-403.3896,-12949.1201,-21936.1108,2.179263,-2.084117,1.200248
R22,2020-01-02 22:45,2996.7852,-16737.7393,-18952.1436,1.579758,-2.077538,2.093908
R22,2020-01-02 23:15,5249.9727,-20251.1157,-14495.1797,0.924155,-1.777351,2.826089
R22,2020-01-02 23:45,6359.3325,-22970.3057,-8910.1270,0.327382,-1.202220,3.339012
R23,2020-01-02 00:15,-11604.1895,2719.2407,-22552.5620,1.040594,-2.912672,-0.886714
R23,2020-01-02 00:45,-10108.0854,-2765.2407,-23256.3799,0.603742,-3.131203,0.109763
R23,2020-01-02 01:15,-9462.7344,-8364.8638,-22162.5303,0.113797,-3.037631,1.097737
R23,2020-01-02 01:45,-9663.2715,-13516.3013,-19355.5518,-0.317957,-2.638286,2.000889
R23,2020-01-02 02:15,-10511.9102,-17710.0830,-15052.3394,-0.591564,-1.985885,2.749426
R23,2020-01-02 02:45,-11654.3149,-20567.5933,-9585.4512,-0.635586,-1.171122,3.285461
R23,2020-01-02 03:15,-12643.0278,-21897.0166,-3377.4668,-0.419538,-0.308017,3.567511
R23,2020-01-02 03:45,-13017.3301,-21719.0796,3091.6572,0.040538,0.484533,3.573730
R23,2020-01-02 04:15,-12386.1738,-20258.3970,9321.7339,0.684297,1.101976,3.303629
R23,2020-01-02 04:45,-10500.2456,-17901.9531,14831.0737,1.416766,1.470892,2.778117
R23,2020-01-02 05:15,-7301.0269,-15131.7031,19193.7729,2.123871,1.560550,2.037861
R23,2020-01-02 05:45,-2938.5557,-12442.5879,22072.6270,2.691198,1.387338,1.140105
R23,2020-01-02 06:15,2245.2144,-10259.6343,23245.1479,3.022911,1.011339,0.154238
R23,2020-01-02 06:45,7764.8301,-8867.9126,22620.6997,3.057657,0.525675,-0.843573
R23,2020-01-02 07:15,13063.6860,-8366.9360,20247.4795,2.778872,0.040391,-1.776231
R23,2020-01-02 07:45,17598.5063,-8657.0073,16308.8301,2.217774,-0.336428,-2.571643
R23,2020-01-02 08:15,20922.1567,-9459.7129,11109.1416,1.448538,-0.517186,-3.168279
R23,2020-01-02 08:45,22751.2310,-10369.1172,5050.3882,0.576428,-0.449867,-3.519951
R23,2020-01-02 09:15,23007.3071,-10925.0615,-1398.9312,-0.279176,-0.127168,-3.599419
R23,2020-01-02 09:45,21825.1123,-10696.2910,-7740.0679,-1.004059,0.411883,-3.400531
R23,2020-01-02 10:15,19526.3047,-9359.4321,-13482.6685,-1.507553,1.088093,-2.938707
R23,2020-01-02 10:45,16563.3164,-6760.5132,-18182.7617,-1.736956,1.795048,-2.249722
R23,2020-01-02 11:15,13442.6714,-2948.6562,-21477.0894,-1.685593,2.416667,-1.386893
R23,2020-01-02 11:45,10640.5903,1823.8169,-23111.1338,-1.393215,2.846429,-0.416937
R23,2020-01-02 12:15,8524.8970,7135.0005,-22958.7026,-0.938701,3.005094,0.585201
R23,2020-01-02 12:45,7296.1484,12455.3340,-21031.6147,-0.426304,2.854000,1.542112
R23,2020-01-02 13:15,6957.6641,17227.7534,-17478.7778,0.032258,2.401734,2.379866
R23,2020-01-02 13:45,7319.3394,20952.9829,-12574.7344,0.336902,1.703090,3.033702
R23,2020-01-02 14:15,8034.5249,23266.0083,-6698.5156,0.416302,0.850441,3.453040
R23,2020-01-02 14:45,8663.7686,23991.1797,-304.3872,0.240190,-0.041048,3.605414
R23,2020-01-02 15:15,8754.7192,23166.8823,6113.2764,-0.175237,-0.851969,3.479018
R23,2020-01-02 15:45,7924.7852,21035.7388,12058.2666,-0.769717,-1.477888,3.083636
R23,2020-01-02 16:15,5932.6216,18002.0234,17070.9644,-1.448756,-1.846042,2.449871
R23,2020-01-02 16:45,2726.4102,14563.4321,20763.8950,-2.099222,-1.926732,1.626752
R23,2020-01-02 17:15,-1539.2554,11228.5967,22851.6460,-2.608131,-1.737560,0.677916
R23,2020-01-02 17:45,-6520.8203,8434.0376,23172.8691,-2.881488,-1.339804,-0.323320
R23,2020-01-02 18:15,-11734.8252,6474.3105,21702.7021,-2.860063,-0.827600,-1.299603
R23,2020-01-02 18:45,-16630.5981,5456.8335,18554.6919,-2.529515,-0.311723,-2.175488
R23,2020-01-02 19:15,-20674.7402,5288.7964,13972.0776,-1.923184,0.099342,-2.883252
R23,2020-01-02 19:45,-23433.5571,5698.2280,8309.0679,-1.117051,0.317894,-3.368123
R23,2020-01-02 20:15,-24639.9131,6285.6323,2003.5054,-0.217692,0.291999,-3.592555
R23,2020-01-02 20:45,-24233.4771,6597.5059,-4456.9976,0.654818,0.014479,-3.539160
R23,2020-01-02 21:15,-22367.7236,6209.3755,-10572.8325,1.386227,-0.475652,-3.212084
R23,2020-01-02 21:45,-19382.5703,4804.3740,-15871.1089,1.886431,-1.099513,-2.636672
R23,2020-01-02 22:15,-15747.2471,2234.1094,-19942.2637,2.103756,-1.751425,-1.857477
R23,2020-01-02 22:45,-11982.9463,-1448.4497,-22471.6987,2.032833,-2.316499,-0.934774
R23,2020-01-02 23:15,-8578.1162,-5989.6812,-23264.0249,1.714788,-2.689837,0.060119
R23,2020-01-02 23:45,-5910.4111,-10969.6211,-22258.0776,1.229760,-2.794157,1.050345
R24,2020-01-02 20:15,-12656.1816,-16172.1602,-15156.6929,1.648015,1.272633,-2.737075
R24,2020-01-02 20:45,-9036.5977,-13863.4258,-19435.0894,2.352368,1.248723,-1.985945
R24,2020-01-02 21:15,-4296.2051,-11820.3081,-22214.0938,2.876667,0.986923,-1.081871
R24,2020-01-03 08:15,4426.3555,13882.8486,-20959.2515,-2.373946,-1.613811,-1.571184
R24,2020-01-03 16:45,-2732.5830,22775.3057,11130.5566,0.064511,-1.539941,3.173016
R26,2020-01-02 00:15,12809.7827,-12302.2461,18338.4849,-0.938708,2.332492,2.219777
R26,2020-01-02 02:15,11453.5801,8992.5068,20951.2847,0.677429,2.790514,-1.571777
R26,2020-01-02 11:15,-16130.3359,11563.9829,16057.1079,1.345436,-1.746132,2.609125
R26,2020-01-02 12:15,-11608.7046,2943.8325,22542.2920,1.011919,-2.916059,0.899989
R26,2020-01-02 13:45,-9819.9316,-13309.1577,19424.3950,-0.342621,-2.641873,-1.987510
R26,2020-01-02 21:15,22904.4492,-11182.3828,1346.3154,-0.272773,-0.130653,3.597645
R26,2020-01-02 22:45,16537.8779,-6999.6191,18144.9214,-1.714571,1.802870,2.257614
R26,2020-01-02 23:45,10708.5156,1615.3872,23113.1982,-1.365016,2.855089,0.430625
